# Blender 5.0.1
# www.blender.org
mtllib space_rocket.mtl
o Cylinder
v 0.000000 1.273458 -0.870770
v 0.000000 -0.939428 -0.604755
v 0.169879 1.273458 -0.854038
v 0.117982 -0.939428 -0.593135
v 0.333229 1.273458 -0.804486
v 0.231430 -0.939428 -0.558721
v 0.483774 1.273458 -0.724019
v 0.335984 -0.939428 -0.502835
v 0.615727 1.273458 -0.615727
v 0.427626 -0.939428 -0.427626
v 0.724019 1.273458 -0.483774
v 0.502835 -0.939428 -0.335984
v 0.804486 1.273458 -0.333229
v 0.558721 -0.939428 -0.231430
v 0.854038 1.273458 -0.169879
v 0.593135 -0.939428 -0.117982
v 0.870770 1.273458 -0.000000
v 0.604755 -0.939428 -0.000000
v 0.854038 1.273458 0.169879
v 0.593135 -0.939428 0.117982
v 0.804486 1.273458 0.333229
v 0.558721 -0.939428 0.231430
v 0.724019 1.273458 0.483774
v 0.502835 -0.939428 0.335984
v 0.615727 1.273458 0.615727
v 0.427626 -0.939428 0.427626
v 0.483774 1.273458 0.724019
v 0.335984 -0.939428 0.502835
v 0.333229 1.273458 0.804486
v 0.231430 -0.939428 0.558721
v 0.169879 1.273458 0.854038
v 0.117982 -0.939428 0.593135
v 0.000000 1.273458 0.870770
v 0.000000 -0.939428 0.604755
v -0.169879 1.273458 0.854038
v -0.117982 -0.939428 0.593135
v -0.333229 1.273458 0.804486
v -0.231430 -0.939428 0.558721
v -0.483774 1.273458 0.724019
v -0.335984 -0.939428 0.502835
v -0.615727 1.273458 0.615727
v -0.427626 -0.939428 0.427626
v -0.724019 1.273458 0.483774
v -0.502835 -0.939428 0.335984
v -0.804486 1.273458 0.333229
v -0.558721 -0.939428 0.231430
v -0.854038 1.273458 0.169879
v -0.593135 -0.939428 0.117982
v -0.870770 1.273458 -0.000000
v -0.604755 -0.939428 -0.000000
v -0.854038 1.273458 -0.169879
v -0.593135 -0.939428 -0.117982
v -0.804486 1.273458 -0.333229
v -0.558721 -0.939428 -0.231430
v -0.724019 1.273458 -0.483774
v -0.502835 -0.939428 -0.335984
v -0.615727 1.273458 -0.615727
v -0.427626 -0.939428 -0.427626
v -0.483774 1.273458 -0.724019
v -0.335984 -0.939428 -0.502835
v -0.333229 1.273458 -0.804486
v -0.231430 -0.939428 -0.558721
v -0.169879 1.273458 -0.854038
v -0.117982 -0.939428 -0.593135
vn 0.0973 -0.1188 -0.9881
vn 0.2882 -0.1188 -0.9502
vn 0.4681 -0.1188 -0.8757
vn 0.6299 -0.1188 -0.7675
vn 0.7675 -0.1188 -0.6299
vn 0.8757 -0.1188 -0.4681
vn 0.9502 -0.1188 -0.2882
vn 0.9881 -0.1188 -0.0973
vn 0.9881 -0.1188 0.0973
vn 0.9502 -0.1188 0.2882
vn 0.8757 -0.1188 0.4681
vn 0.7675 -0.1188 0.6299
vn 0.6299 -0.1188 0.7675
vn 0.4681 -0.1188 0.8757
vn 0.2882 -0.1188 0.9502
vn 0.0973 -0.1188 0.9881
vn -0.0973 -0.1188 0.9881
vn -0.2882 -0.1188 0.9502
vn -0.4681 -0.1188 0.8757
vn -0.6299 -0.1188 0.7675
vn -0.7675 -0.1188 0.6299
vn -0.8757 -0.1188 0.4681
vn -0.9502 -0.1188 0.2882
vn -0.9881 -0.1188 0.0973
vn -0.9881 -0.1188 -0.0973
vn -0.9502 -0.1188 -0.2882
vn -0.8757 -0.1188 -0.4681
vn -0.7675 -0.1188 -0.6299
vn -0.6299 -0.1188 -0.7675
vn -0.4681 -0.1188 -0.8757
vn -0.0000 -1.0000 -0.0000
vn -0.2882 -0.1188 -0.9502
vn -0.0973 -0.1188 -0.9881
vn -0.0000 1.0000 -0.0000
vt 1.000000 1.000000
vt 0.968750 0.500000
vt 1.000000 0.500000
vt 0.937500 1.000000
vt 0.937500 0.500000
vt 0.906250 0.500000
vt 0.906250 1.000000
vt 0.875000 0.500000
vt 0.875000 1.000000
vt 0.843750 0.500000
vt 0.843750 1.000000
vt 0.812500 0.500000
vt 0.781250 1.000000
vt 0.781250 0.500000
vt 0.750000 0.500000
vt 0.750000 1.000000
vt 0.718750 0.500000
vt 0.718750 1.000000
vt 0.687500 0.500000
vt 0.687500 1.000000
vt 0.656250 0.500000
vt 0.656250 1.000000
vt 0.625000 0.500000
vt 0.625000 1.000000
vt 0.593750 0.500000
vt 0.593750 1.000000
vt 0.562500 0.500000
vt 0.531250 1.000000
vt 0.531250 0.500000
vt 0.500000 0.500000
vt 0.500000 1.000000
vt 0.468750 0.500000
vt 0.468750 1.000000
vt 0.437500 0.500000
vt 0.437500 1.000000
vt 0.406250 0.500000
vt 0.406250 1.000000
vt 0.375000 0.500000
vt 0.375000 1.000000
vt 0.343750 0.500000
vt 0.343750 1.000000
vt 0.312500 0.500000
vt 0.312500 1.000000
vt 0.281250 0.500000
vt 0.281250 1.000000
vt 0.250000 0.500000
vt 0.250000 1.000000
vt 0.218750 0.500000
vt 0.187500 1.000000
vt 0.187500 0.500000
vt 0.156250 0.500000
vt 0.156250 1.000000
vt 0.125000 0.500000
vt 0.125000 1.000000
vt 0.093750 0.500000
vt 0.093750 1.000000
vt 0.062500 0.500000
vt 0.158156 0.028269
vt 0.471731 0.158156
vt 0.341844 0.471731
vt 0.062500 1.000000
vt 0.031250 0.500000
vt 0.031250 1.000000
vt 0.000000 0.500000
vt 0.796822 0.014612
vt 0.514612 0.203178
vt 0.703178 0.485388
vt 0.968750 1.000000
vt 0.812500 1.000000
vt 0.562500 1.000000
vt 0.218750 1.000000
vt 0.296822 0.485388
vt 0.250000 0.490000
vt 0.203178 0.485388
vt 0.158156 0.471731
vt 0.116663 0.449553
vt 0.080294 0.419706
vt 0.050447 0.383337
vt 0.028269 0.341844
vt 0.014612 0.296822
vt 0.010000 0.250000
vt 0.014612 0.203178
vt 0.028269 0.158156
vt 0.050447 0.116663
vt 0.080294 0.080294
vt 0.116663 0.050447
vt 0.203178 0.014612
vt 0.250000 0.010000
vt 0.296822 0.014612
vt 0.341844 0.028269
vt 0.383337 0.050447
vt 0.419706 0.080294
vt 0.449553 0.116663
vt 0.485388 0.203178
vt 0.490000 0.250000
vt 0.485388 0.296822
vt 0.471731 0.341844
vt 0.449553 0.383337
vt 0.419706 0.419706
vt 0.383337 0.449553
vt 0.000000 1.000000
vt 0.750000 0.490000
vt 0.796822 0.485388
vt 0.841844 0.471731
vt 0.883337 0.449553
vt 0.919706 0.419706
vt 0.949553 0.383337
vt 0.971731 0.341844
vt 0.985388 0.296822
vt 0.990000 0.250000
vt 0.985388 0.203178
vt 0.971731 0.158156
vt 0.949553 0.116663
vt 0.919706 0.080294
vt 0.883337 0.050447
vt 0.841844 0.028269
vt 0.750000 0.010000
vt 0.703178 0.014612
vt 0.658156 0.028269
vt 0.616663 0.050447
vt 0.580294 0.080294
vt 0.550447 0.116663
vt 0.528269 0.158156
vt 0.510000 0.250000
vt 0.514612 0.296822
vt 0.528269 0.341844
vt 0.550447 0.383337
vt 0.580294 0.419706
vt 0.616663 0.449553
vt 0.658156 0.471731
s 0
usemtl Material
f 2/1/1 1/3/1 3/2/1
f 3/2/2 5/5/2 6/4/2
f 6/4/3 5/5/3 7/6/3
f 8/7/4 7/6/4 9/8/4
f 10/9/5 9/8/5 11/10/5
f 12/11/6 11/10/6 13/12/6
f 13/12/7 15/14/7 16/13/7
f 16/13/8 15/14/8 17/15/8
f 18/16/9 17/15/9 19/17/9
f 20/18/10 19/17/10 21/19/10
f 22/20/11 21/19/11 23/21/11
f 24/22/12 23/21/12 25/23/12
f 26/24/13 25/23/13 27/25/13
f 28/26/14 27/25/14 29/27/14
f 29/27/15 31/29/15 32/28/15
f 32/28/16 31/29/16 33/30/16
f 34/31/17 33/30/17 35/32/17
f 36/33/18 35/32/18 37/34/18
f 38/35/19 37/34/19 39/36/19
f 40/37/20 39/36/20 41/38/20
f 42/39/21 41/38/21 43/40/21
f 44/41/22 43/40/22 45/42/22
f 46/43/23 45/42/23 47/44/23
f 48/45/24 47/44/24 49/46/24
f 50/47/25 49/46/25 51/48/25
f 51/48/26 53/50/26 54/49/26
f 54/49/27 53/50/27 55/51/27
f 56/52/28 55/51/28 57/53/28
f 58/54/29 57/53/29 59/55/29
f 60/56/30 59/55/30 61/57/30
f 38/58/31 6/60/31 22/59/31
f 62/61/32 61/57/32 63/62/32
f 64/63/33 63/62/33 1/64/33
f 31/65/34 63/67/34 47/66/34
f 2/1/1 3/2/1 4/68/1
f 3/2/2 6/4/2 4/68/2
f 6/4/3 7/6/3 8/7/3
f 8/7/4 9/8/4 10/9/4
f 10/9/5 11/10/5 12/11/5
f 12/11/6 13/12/6 14/69/6
f 13/12/7 16/13/7 14/69/7
f 16/13/8 17/15/8 18/16/8
f 18/16/9 19/17/9 20/18/9
f 20/18/10 21/19/10 22/20/10
f 22/20/11 23/21/11 24/22/11
f 24/22/12 25/23/12 26/24/12
f 26/24/13 27/25/13 28/26/13
f 28/26/14 29/27/14 30/70/14
f 29/27/15 32/28/15 30/70/15
f 32/28/16 33/30/16 34/31/16
f 34/31/17 35/32/17 36/33/17
f 36/33/18 37/34/18 38/35/18
f 38/35/19 39/36/19 40/37/19
f 40/37/20 41/38/20 42/39/20
f 42/39/21 43/40/21 44/41/21
f 44/41/22 45/42/22 46/43/22
f 46/43/23 47/44/23 48/45/23
f 48/45/24 49/46/24 50/47/24
f 50/47/25 51/48/25 52/71/25
f 51/48/26 54/49/26 52/71/26
f 54/49/27 55/51/27 56/52/27
f 56/52/28 57/53/28 58/54/28
f 58/54/29 59/55/29 60/56/29
f 60/56/30 61/57/30 62/61/30
f 6/60/31 2/73/31 4/72/31
f 2/73/31 62/75/31 64/74/31
f 62/75/31 58/77/31 60/76/31
f 58/77/31 54/79/31 56/78/31
f 54/79/31 50/81/31 52/80/31
f 50/81/31 46/83/31 48/82/31
f 46/83/31 42/85/31 44/84/31
f 42/85/31 38/58/31 40/86/31
f 38/58/31 34/88/31 36/87/31
f 34/88/31 30/90/31 32/89/31
f 30/90/31 26/92/31 28/91/31
f 26/92/31 22/59/31 24/93/31
f 22/59/31 18/95/31 20/94/31
f 18/95/31 14/97/31 16/96/31
f 14/97/31 10/99/31 12/98/31
f 10/99/31 6/60/31 8/100/31
f 6/60/31 62/75/31 2/73/31
f 62/75/31 54/79/31 58/77/31
f 54/79/31 46/83/31 50/81/31
f 46/83/31 38/58/31 42/85/31
f 38/58/31 30/90/31 34/88/31
f 30/90/31 22/59/31 26/92/31
f 22/59/31 14/97/31 18/95/31
f 14/97/31 6/60/31 10/99/31
f 6/60/31 54/79/31 62/75/31
f 54/79/31 38/58/31 46/83/31
f 38/58/31 22/59/31 30/90/31
f 22/59/31 6/60/31 14/97/31
f 6/60/31 38/58/31 54/79/31
f 62/61/32 63/62/32 64/63/32
f 64/63/33 1/64/33 2/101/33
f 63/67/34 3/103/34 1/102/34
f 3/103/34 7/105/34 5/104/34
f 7/105/34 11/107/34 9/106/34
f 11/107/34 15/109/34 13/108/34
f 15/109/34 19/111/34 17/110/34
f 19/111/34 23/113/34 21/112/34
f 23/113/34 27/115/34 25/114/34
f 27/115/34 31/65/34 29/116/34
f 31/65/34 35/118/34 33/117/34
f 35/118/34 39/120/34 37/119/34
f 39/120/34 43/122/34 41/121/34
f 43/122/34 47/66/34 45/123/34
f 47/66/34 51/125/34 49/124/34
f 51/125/34 55/127/34 53/126/34
f 55/127/34 59/129/34 57/128/34
f 59/129/34 63/67/34 61/130/34
f 63/67/34 7/105/34 3/103/34
f 7/105/34 15/109/34 11/107/34
f 15/109/34 23/113/34 19/111/34
f 23/113/34 31/65/34 27/115/34
f 31/65/34 39/120/34 35/118/34
f 39/120/34 47/66/34 43/122/34
f 47/66/34 55/127/34 51/125/34
f 55/127/34 63/67/34 59/129/34
f 63/67/34 15/109/34 7/105/34
f 15/109/34 31/65/34 23/113/34
f 31/65/34 47/66/34 39/120/34
f 47/66/34 63/67/34 55/127/34
f 63/67/34 31/65/34 15/109/34
o Cylinder.001
v 0.023565 1.247708 -0.793564
v 0.013520 8.658302 -0.938639
v 0.184779 1.247708 -0.777686
v 0.200309 8.658302 -0.920242
v 0.339797 1.247708 -0.730662
v 0.379920 8.658302 -0.865757
v 0.482663 1.247708 -0.654299
v 0.545451 8.658302 -0.777279
v 0.710653 1.247708 -0.426308
v 0.809611 8.658302 -0.513119
v 0.787017 1.247708 -0.283443
v 0.898089 8.658302 -0.347589
v 0.834041 1.247708 -0.128424
v 0.952573 8.658302 -0.167978
v 0.834041 1.247708 0.194003
v 0.952573 8.658302 0.205601
v 0.787017 1.247708 0.349021
v 0.898089 8.658302 0.385212
v 0.607886 1.247708 0.617109
v 0.690540 8.658302 0.695832
v 0.482663 1.247708 0.719877
v 0.545451 8.658302 0.814903
v 0.184779 1.247708 0.843265
v 0.200309 8.658302 0.957865
v -0.137648 1.247708 0.843265
v -0.173269 8.658302 0.957865
v -0.292666 1.247708 0.796240
v -0.352881 8.658302 0.903381
v -0.435532 1.247708 0.719877
v -0.518411 8.658302 0.814903
v -0.663522 1.247708 0.491887
v -0.782571 8.658302 0.550743
v -0.739886 1.247708 0.349021
v -0.871049 8.658302 0.385212
v -0.786910 1.247708 0.194003
v -0.925533 8.658302 0.205601
v -0.802788 1.247708 0.032789
v -0.943931 8.658302 0.018812
v -0.786910 1.247708 -0.128424
v -0.925533 8.658302 -0.167978
v -0.739886 1.247708 -0.283443
v -0.871049 8.658302 -0.347589
v -0.560755 1.247708 -0.551531
v -0.663500 8.658302 -0.658208
v -0.435532 1.247708 -0.654299
v -0.518411 8.658302 -0.777279
v -0.292666 1.247708 -0.730662
v -0.352881 8.658302 -0.865757
v -0.137648 1.247708 -0.777686
v -0.173269 8.658302 -0.920242
v -0.739886 1.247708 -0.283443
v -0.560755 1.247708 -0.551531
v -0.687936 1.247708 -0.371652
v -0.622369 1.247708 -0.469779
v -0.663500 8.658302 -0.658208
v -0.871049 8.658302 -0.347589
v -0.734889 8.658302 -0.563487
v -0.810857 8.658302 -0.449792
v 0.184779 1.247708 0.843265
v -0.137648 1.247708 0.843265
v 0.082574 1.247708 0.849077
v -0.035443 1.247708 0.849077
v -0.173269 8.658302 0.957865
v 0.200309 8.658302 0.957865
v -0.054850 8.658302 0.964599
v 0.081890 8.658302 0.964599
v -0.435532 1.247708 0.719877
v -0.663522 1.247708 0.491887
v -0.511912 1.247708 0.651717
v -0.595362 1.247708 0.568266
v -0.782571 8.658302 0.550743
v -0.518411 8.658302 0.814903
v -0.703597 8.658302 0.639240
v -0.606908 8.658302 0.735929
v 0.482663 1.247708 0.719877
v 0.184779 1.247708 0.843265
v 0.390462 1.247708 0.764359
v 0.281429 1.247708 0.809522
v 0.200309 8.658302 0.957865
v 0.545451 8.658302 0.814903
v 0.312292 8.658302 0.918769
v 0.438622 8.658302 0.866441
v 0.787017 1.247708 0.349021
v 0.607886 1.247708 0.617109
v 0.735067 1.247708 0.437231
v 0.669500 1.247708 0.535358
v 0.690540 8.658302 0.695832
v 0.898089 8.658302 0.385212
v 0.761929 8.658302 0.601110
v 0.837897 8.658302 0.487416
v 0.834041 1.247708 -0.128424
v 0.834041 1.247708 0.194003
v 0.839853 1.247708 -0.026219
v 0.839853 1.247708 0.091797
v 0.952573 8.658302 0.205601
v 0.952573 8.658302 -0.167978
v 0.959307 8.658302 0.087181
v 0.959307 8.658302 -0.049558
v 0.482663 1.247708 -0.654299
v 0.710653 1.247708 -0.426308
v 0.559043 1.247708 -0.586138
v 0.642493 1.247708 -0.502688
v 0.809611 8.658302 -0.513119
v 0.545451 8.658302 -0.777279
v 0.730637 8.658302 -0.601616
v 0.633948 8.658302 -0.698305
v -0.001887 4.953004 -1.161143
v 0.224128 4.953004 -1.138882
v 0.441458 4.953004 -1.072956
v 0.641750 4.953004 -0.965898
v 0.961385 4.953004 -0.646263
v 1.068443 4.953004 -0.445971
v 1.134369 4.953004 -0.228641
v 1.134369 4.953004 0.223390
v 1.068443 4.953004 0.440719
v 0.817308 4.953004 0.816569
v 0.641750 4.953004 0.960646
v 0.224128 4.953004 1.133631
v -0.227903 4.953004 1.133631
v -0.445233 4.953004 1.067704
v -0.645525 4.953004 0.960646
v -0.965159 4.953004 0.641012
v -1.072217 4.953004 0.440719
v -1.138144 4.953004 0.223390
v -1.160404 4.953004 -0.002626
v -1.138144 4.953004 -0.228641
v -1.072217 4.953004 -0.445971
v -0.821083 4.953004 -0.821821
v -0.645525 4.953004 -0.965898
v -0.445233 4.953004 -1.072956
v -0.227903 4.953004 -1.138882
v -0.821083 4.953004 -0.821821
v -0.907464 4.953004 -0.707208
v -0.999386 4.953004 -0.569638
v -1.072217 4.953004 -0.445971
v -0.227903 4.953004 1.133631
v -0.084615 4.953004 1.141779
v 0.080840 4.953004 1.141779
v 0.224128 4.953004 1.133631
v -0.965159 4.953004 0.641012
v -0.869601 4.953004 0.748093
v -0.752606 4.953004 0.865087
v -0.645525 4.953004 0.960646
v 0.224128 4.953004 1.133631
v 0.359627 4.953004 1.086324
v 0.512488 4.953004 1.023008
v 0.641750 4.953004 0.960646
v 0.817308 4.953004 0.816569
v 0.903689 4.953004 0.701956
v 0.995611 4.953004 0.564386
v 1.068443 4.953004 0.440719
v 1.134369 4.953004 0.223390
v 1.142517 4.953004 0.080102
v 1.142517 4.953004 -0.085353
v 1.134369 4.953004 -0.228641
v 0.961385 4.953004 -0.646263
v 0.865826 4.953004 -0.753345
v 0.748832 4.953004 -0.870339
v 0.641750 4.953004 -0.965898
v -0.002831 6.805653 -1.174770
v -0.918033 6.805653 -0.716010
v -1.010932 6.805653 -0.576978
v -1.084538 6.805653 -0.451997
v -0.086438 6.805653 1.152630
v 0.080776 6.805653 1.152630
v 0.225587 6.805653 1.144395
v -0.879767 6.805653 0.754760
v -0.761530 6.805653 0.872998
v -0.653310 6.805653 0.969572
v 0.362526 6.805653 1.096586
v 0.517011 6.805653 1.032596
v 0.647648 6.805653 0.969572
v 0.912371 6.805653 0.708133
v 1.005270 6.805653 0.569100
v 1.078876 6.805653 0.444119
v 1.153738 6.805653 0.079668
v 1.153738 6.805653 -0.087546
v 1.145503 6.805653 -0.232357
v 0.874106 6.805653 -0.762638
v 0.755868 6.805653 -0.880875
v 0.647648 6.805653 -0.977450
v 0.225587 6.805653 -1.152273
v 0.445227 6.805653 -1.085646
v 0.647648 6.805653 -0.977450
v 0.970680 6.805653 -0.654418
v 1.078876 6.805653 -0.451997
v 1.145503 6.805653 -0.232357
v 1.145503 6.805653 0.224479
v 1.078876 6.805653 0.444119
v 0.825072 6.805653 0.823964
v 0.647648 6.805653 0.969572
v 0.225587 6.805653 1.144395
v -0.231249 6.805653 1.144395
v -0.450889 6.805653 1.077768
v -0.653310 6.805653 0.969572
v -0.976341 6.805653 0.646540
v -1.084538 6.805653 0.444119
v -1.151165 6.805653 0.224479
v -1.173662 6.805653 -0.003939
v -1.151165 6.805653 -0.232357
v -1.084538 6.805653 -0.451997
v -0.830734 6.805653 -0.831842
v -0.653310 6.805653 -0.977450
v -0.450889 6.805653 -1.085646
v -0.231249 6.805653 -1.152273
v -0.830734 6.805653 -0.831842
v -0.231249 6.805653 1.144395
v -0.976341 6.805653 0.646540
v 0.225587 6.805653 1.144395
v 0.825072 6.805653 0.823964
v 1.145503 6.805653 0.224479
v 0.970680 6.805653 -0.654418
v 0.000975 7.731977 -1.119810
v -0.875406 7.731977 -0.680510
v -0.964364 7.731977 -0.547375
v -1.034848 7.731977 -0.427695
v -0.079085 7.731977 1.108865
v 0.081035 7.731977 1.108865
v 0.219704 7.731977 1.100980
v -0.838763 7.731977 0.727872
v -0.725541 7.731977 0.841094
v -0.621912 7.731977 0.933572
v 0.350834 7.731977 1.055199
v 0.498766 7.731977 0.993923
v 0.623861 7.731977 0.933572
v 0.877356 7.731977 0.683223
v 0.966314 7.731977 0.550088
v 1.036798 7.731977 0.430408
v 1.108484 7.731977 0.081417
v 1.108484 7.731977 -0.078704
v 1.100598 7.731977 -0.217372
v 0.840713 7.731977 -0.725159
v 0.727491 7.731977 -0.838382
v 0.623861 7.731977 -0.930859
v 0.219704 7.731977 -1.098267
v 0.430027 7.731977 -1.034466
v 0.623861 7.731977 -0.930859
v 0.933191 7.731977 -0.621530
v 1.036798 7.731977 -0.427695
v 1.100598 7.731977 -0.217372
v 1.100598 7.731977 0.220085
v 1.036798 7.731977 0.430408
v 0.793759 7.731977 0.794141
v 0.623861 7.731977 0.933572
v 0.219704 7.731977 1.100980
v -0.217754 7.731977 1.100980
v -0.428077 7.731977 1.037179
v -0.621912 7.731977 0.933572
v -0.931241 7.731977 0.624243
v -1.034848 7.731977 0.430408
v -1.098648 7.731977 0.220085
v -1.120191 7.731977 0.001356
v -1.098648 7.731977 -0.217372
v -1.034848 7.731977 -0.427695
v -0.791809 7.731977 -0.791428
v -0.621912 7.731977 -0.930859
v -0.428077 7.731977 -1.034466
v -0.217754 7.731977 -1.098267
v -0.791809 7.731977 -0.791428
v -0.217754 7.731977 1.100980
v -0.931241 7.731977 0.624243
v 0.219704 7.731977 1.100980
v 0.793759 7.731977 0.794141
v 1.100598 7.731977 0.220085
v 0.933191 7.731977 -0.621530
v 0.006935 8.195139 -1.033729
v -0.808642 8.195139 -0.624908
v -0.891428 8.195139 -0.501010
v -0.957021 8.195139 -0.389634
v -0.067570 8.195139 1.040319
v 0.081441 8.195139 1.040319
v 0.210489 8.195139 1.032981
v -0.774541 8.195139 0.685760
v -0.669174 8.195139 0.791127
v -0.572735 8.195139 0.877188
v 0.332521 8.195139 0.990376
v 0.470190 8.195139 0.933352
v 0.586606 8.195139 0.877188
v 0.822512 8.195139 0.644208
v 0.905299 8.195139 0.520310
v 0.970892 8.195139 0.408934
v 1.037605 8.195139 0.084156
v 1.037605 8.195139 -0.064856
v 1.030267 8.195139 -0.193903
v 0.788412 8.195139 -0.666460
v 0.683045 8.195139 -0.771827
v 0.586606 8.195139 -0.857888
v 0.210489 8.195139 -1.013681
v 0.406219 8.195139 -0.954307
v 0.586606 8.195139 -0.857888
v 0.874474 8.195139 -0.570020
v 0.970892 8.195139 -0.389634
v 1.030267 8.195139 -0.193903
v 1.030267 8.195139 0.213203
v 0.970892 8.195139 0.408934
v 0.744716 8.195139 0.747431
v 0.586606 8.195139 0.877188
v 0.210489 8.195139 1.032981
v -0.196618 8.195139 1.032981
v -0.392349 8.195139 0.973607
v -0.572735 8.195139 0.877188
v -0.860603 8.195139 0.589321
v -0.957021 8.195139 0.408934
v -1.016396 8.195139 0.213203
v -1.036444 8.195139 0.009650
v -1.016396 8.195139 -0.193903
v -0.957021 8.195139 -0.389634
v -0.730845 8.195139 -0.728131
v -0.572735 8.195139 -0.857888
v -0.392349 8.195139 -0.954307
v -0.196618 8.195139 -1.013681
v -0.730845 8.195139 -0.728131
v -0.196618 8.195139 1.032981
v -0.860603 8.195139 0.589321
v 0.210489 8.195139 1.032981
v 0.744716 8.195139 0.747431
v 1.030267 8.195139 0.213203
v 0.874474 8.195139 -0.570020
v 0.222669 3.100356 -1.125492
v 0.437689 3.100356 -1.060266
v 0.635853 3.100356 -0.954346
v 0.952089 3.100356 -0.638109
v 1.058010 3.100356 -0.439946
v 1.123235 3.100356 -0.224926
v 1.123235 3.100356 0.222300
v 1.058010 3.100356 0.437320
v 0.809544 3.100356 0.809175
v 0.635853 3.100356 0.951720
v 0.222669 3.100356 1.122866
v -0.224557 3.100356 1.122866
v -0.439576 3.100356 1.057640
v -0.637740 3.100356 0.951720
v -0.953976 3.100356 0.635483
v -1.059897 3.100356 0.437320
v -1.125122 3.100356 0.222300
v -1.147146 3.100356 -0.001313
v -1.125122 3.100356 -0.224926
v -1.059897 3.100356 -0.439946
v -0.811431 3.100356 -0.811801
v -0.637740 3.100356 -0.954346
v -0.439576 3.100356 -1.060266
v -0.224557 3.100356 -1.125492
v -0.811431 3.100356 -0.811801
v -0.224557 3.100356 1.122866
v -0.953976 3.100356 0.635483
v 0.222669 3.100356 1.122866
v 0.809544 3.100356 0.809175
v 1.123235 3.100356 0.222300
v 0.952089 3.100356 -0.638109
v -0.000944 3.100356 -1.147516
v -0.896895 3.100356 -0.698406
v -0.987839 3.100356 -0.562298
v -1.059897 3.100356 -0.439946
v -0.082792 3.100356 1.130927
v 0.080904 3.100356 1.130927
v 0.222669 3.100356 1.122866
v -0.859434 3.100356 0.741427
v -0.743683 3.100356 0.857177
v -0.637740 3.100356 0.951720
v 0.356728 3.100356 1.076063
v 0.507964 3.100356 1.013419
v 0.635853 3.100356 0.951720
v 0.895007 3.100356 0.695780
v 0.985952 3.100356 0.559672
v 1.058010 3.100356 0.437320
v 1.131297 3.100356 0.080535
v 1.131297 3.100356 -0.083161
v 1.123235 3.100356 -0.224926
v 0.857547 3.100356 -0.744052
v 0.741796 3.100356 -0.859803
v 0.635853 3.100356 -0.954346
v 0.215039 2.174031 -1.055449
v 0.417975 2.174031 -0.993889
v 0.605003 2.174031 -0.893921
v 0.903468 2.174031 -0.595456
v 1.003436 2.174031 -0.408428
v 1.064996 2.174031 -0.205492
v 1.064996 2.174031 0.216601
v 1.003436 2.174031 0.419538
v 0.768933 2.174031 0.770496
v 0.605003 2.174031 0.905030
v 0.215039 2.174031 1.066558
v -0.207055 2.174031 1.066558
v -0.409991 2.174031 1.004998
v -0.597018 2.174031 0.905030
v -0.895483 2.174031 0.606565
v -0.995451 2.174031 0.419538
v -1.057011 2.174031 0.216601
v -1.077798 2.174031 0.005555
v -1.057011 2.174031 -0.205492
v -0.995451 2.174031 -0.408428
v -0.760949 2.174031 -0.759386
v -0.597018 2.174031 -0.893921
v -0.409991 2.174031 -0.993889
v -0.207055 2.174031 -1.055449
v -0.760949 2.174031 -0.759386
v -0.207055 2.174031 1.066558
v -0.895483 2.174031 0.606565
v 0.215039 2.174031 1.066558
v 0.768933 2.174031 0.770496
v 1.064996 2.174031 0.216601
v 0.903468 2.174031 -0.595456
v 0.003992 2.174031 -1.076235
v -0.841609 2.174031 -0.652364
v -0.927443 2.174031 -0.523905
v -0.995451 2.174031 -0.408428
v -0.073256 2.174031 1.074167
v 0.081241 2.174031 1.074167
v 0.215039 2.174031 1.066558
v -0.806254 2.174031 0.706555
v -0.697008 2.174031 0.815800
v -0.597018 2.174031 0.905030
v 0.341564 2.174031 1.022385
v 0.484301 2.174031 0.963262
v 0.605003 2.174031 0.905030
v 0.849594 2.174031 0.663473
v 0.935427 2.174031 0.535014
v 1.003436 2.174031 0.419538
v 1.072604 2.174031 0.082803
v 1.072604 2.174031 -0.071694
v 1.064996 2.174031 -0.205492
v 0.814238 2.174031 -0.695445
v 0.704992 2.174031 -0.804691
v 0.605003 2.174031 -0.893921
v 0.204090 1.710869 -0.954948
v 0.389689 1.710869 -0.898647
v 0.560737 1.710869 -0.807220
v 0.833703 1.710869 -0.534254
v 0.925130 1.710869 -0.363206
v 0.981431 1.710869 -0.177607
v 0.981431 1.710869 0.208425
v 0.925130 1.710869 0.394023
v 0.710662 1.710869 0.714997
v 0.560737 1.710869 0.838038
v 0.204090 1.710869 0.985766
v -0.181942 1.710869 0.985766
v -0.367540 1.710869 0.929465
v -0.538589 1.710869 0.838038
v -0.811554 1.710869 0.565072
v -0.902982 1.710869 0.394023
v -0.959282 1.710869 0.208425
v -0.978293 1.710869 0.015409
v -0.959282 1.710869 -0.177607
v -0.902982 1.710869 -0.363206
v -0.688514 1.710869 -0.684179
v -0.538589 1.710869 -0.807220
v -0.367540 1.710869 -0.898647
v -0.181942 1.710869 -0.954948
v -0.688514 1.710869 -0.684179
v -0.181942 1.710869 0.985766
v -0.811554 1.710869 0.565072
v 0.204090 1.710869 0.985766
v 0.710662 1.710869 0.714997
v 0.981431 1.710869 0.208425
v 0.833703 1.710869 -0.534254
v 0.011074 1.710869 -0.973958
v -0.762283 1.710869 -0.586301
v -0.840784 1.710869 -0.468816
v -0.902982 1.710869 -0.363206
v -0.059575 1.710869 0.992724
v 0.081723 1.710869 0.992724
v 0.204090 1.710869 0.985766
v -0.729948 1.710869 0.656519
v -0.630036 1.710869 0.756431
v -0.538589 1.710869 0.838038
v 0.319806 1.710869 0.945366
v 0.450347 1.710869 0.891294
v 0.560737 1.710869 0.838038
v 0.784432 1.710869 0.617118
v 0.862932 1.710869 0.499634
v 0.925130 1.710869 0.394023
v 0.988389 1.710869 0.086058
v 0.988389 1.710869 -0.055240
v 0.981431 1.710869 -0.177607
v 0.752097 1.710869 -0.625701
v 0.652184 1.710869 -0.725614
v 0.560737 1.710869 -0.807220
v 0.224858 5.879329 -1.145578
v 0.443343 5.879329 -1.079301
v 0.644699 5.879329 -0.971674
v 0.966032 5.879329 -0.650341
v 1.073660 5.879329 -0.448984
v 1.139936 5.879329 -0.230499
v 1.139936 5.879329 0.223934
v 1.073660 5.879329 0.442419
v 0.821190 5.879329 0.820267
v 0.644699 5.879329 0.965109
v 0.224858 5.879329 1.139013
v -0.229576 5.879329 1.139013
v -0.448061 5.879329 1.072736
v -0.649417 5.879329 0.965109
v -0.970750 5.879329 0.643776
v -1.078378 5.879329 0.442419
v -1.144654 5.879329 0.223934
v -1.167033 5.879329 -0.003282
v -1.144654 5.879329 -0.230499
v -1.078378 5.879329 -0.448984
v -0.825908 5.879329 -0.826831
v -0.649417 5.879329 -0.971674
v -0.448061 5.879329 -1.079301
v -0.229576 5.879329 -1.145578
v -0.825908 5.879329 -0.826831
v -0.229576 5.879329 1.139013
v -0.970750 5.879329 0.643776
v 0.224858 5.879329 1.139013
v 0.821190 5.879329 0.820267
v 1.139936 5.879329 0.223934
v 0.966032 5.879329 -0.650341
v -0.002359 5.879329 -1.167957
v -0.912749 5.879329 -0.711609
v -1.005159 5.879329 -0.573308
v -1.078378 5.879329 -0.448984
v -0.085526 5.879329 1.147204
v 0.080808 5.879329 1.147204
v 0.224858 5.879329 1.139013
v -0.874684 5.879329 0.751427
v -0.757068 5.879329 0.869043
v -0.649417 5.879329 0.965109
v 0.361077 5.879329 1.091455
v 0.514749 5.879329 1.027802
v 0.644699 5.879329 0.965109
v 0.908030 5.879329 0.705045
v 1.000441 5.879329 0.566743
v 1.073660 5.879329 0.442419
v 1.148128 5.879329 0.079885
v 1.148128 5.879329 -0.086449
v 1.139936 5.879329 -0.230499
v 0.869966 5.879329 -0.757991
v 0.752350 5.879329 -0.875607
v 0.644699 5.879329 -0.971674
v -0.001415 4.026680 -1.154329
v -0.902179 4.026680 -0.702807
v -0.993612 4.026680 -0.565968
v -1.066057 4.026680 -0.442959
v -0.083703 4.026680 1.136353
v 0.080872 4.026680 1.136353
v 0.223399 4.026680 1.128248
v -0.864517 4.026680 0.744760
v -0.748145 4.026680 0.861132
v -0.641632 4.026680 0.956183
v 0.358178 4.026680 1.081193
v 0.510226 4.026680 1.018213
v 0.638802 4.026680 0.956183
v 0.899348 4.026680 0.698868
v 0.990782 4.026680 0.562029
v 1.063226 4.026680 0.439020
v 1.136907 4.026680 0.080318
v 1.136907 4.026680 -0.084257
v 1.128802 4.026680 -0.226784
v 0.861686 4.026680 -0.748699
v 0.745314 4.026680 -0.865071
v 0.638802 4.026680 -0.960122
v 0.223399 4.026680 -1.132187
v 0.439574 4.026680 -1.066611
v 0.638802 4.026680 -0.960122
v 0.956737 4.026680 -0.642186
v 1.063226 4.026680 -0.442959
v 1.128802 4.026680 -0.226784
v 1.128802 4.026680 0.222845
v 1.063226 4.026680 0.439020
v 0.813426 4.026680 0.812872
v 0.638802 4.026680 0.956183
v 0.223399 4.026680 1.128248
v -0.226230 4.026680 1.128248
v -0.442404 4.026680 1.062672
v -0.641632 4.026680 0.956183
v -0.959568 4.026680 0.638248
v -1.066057 4.026680 0.439020
v -1.131633 4.026680 0.222845
v -1.153775 4.026680 -0.001969
v -1.131633 4.026680 -0.226784
v -1.066057 4.026680 -0.442959
v -0.816257 4.026680 -0.816811
v -0.641632 4.026680 -0.960122
v -0.442404 4.026680 -1.066611
v -0.226230 4.026680 -1.132187
v -0.816257 4.026680 -0.816811
v -0.226230 4.026680 1.128248
v -0.959568 4.026680 0.638248
v 0.223399 4.026680 1.128248
v 0.813426 4.026680 0.812872
v 1.128802 4.026680 0.222845
v 0.956737 4.026680 -0.642186
v -0.624634 1.479288 -0.617855
v -1.162557 5.879329 -0.048726
v -1.158082 5.879329 -0.094169
v -1.153606 5.879329 -0.139612
v -1.149130 5.879329 -0.185056
vn 0.0961 0.1989 -0.9753
vn 0.2847 0.1956 -0.9385
vn 0.4626 0.1918 -0.8656
vn 0.8678 0.1785 -0.4638
vn 0.9423 0.1741 -0.2859
vn 0.9441 0.1631 0.2864
vn 0.6264 0.1583 0.7633
vn -0.2862 0.1674 0.9434
vn -0.4644 0.1713 0.8689
vn -0.8668 0.1846 0.4633
vn -0.9397 0.1890 0.2851
vn -0.9764 0.1931 0.0962
vn -0.9757 0.1968 -0.0961
vn -0.9376 0.1999 -0.2844
vn -0.6210 0.2045 -0.7567
vn -0.4614 0.2044 -0.8633
vn -0.2842 0.2033 -0.9369
vn -0.0960 0.2015 -0.9748
vn -0.7433 -0.3655 -0.5602
vn -0.7744 -0.3641 -0.5174
vn -0.8026 -0.3640 -0.4727
vn -0.0000 1.0000 -0.0000
vn -0.0542 -0.2984 0.9529
vn -0.0000 -0.2962 0.9551
vn 0.0542 -0.2957 0.9537
vn -0.7056 -0.3250 0.6297
vn -0.6694 -0.3221 0.6694
vn -0.6307 -0.3206 0.7067
vn 0.3153 -0.2910 0.9032
vn 0.3663 -0.2897 0.8843
vn 0.4158 -0.2900 0.8620
vn 0.7640 -0.2912 0.5758
vn 0.7954 -0.2912 0.5315
vn 0.8239 -0.2928 0.4852
vn 0.9510 -0.3043 0.0541
vn 0.9522 -0.3054 -0.0000
vn 0.9499 -0.3080 -0.0540
vn 0.7035 -0.3332 -0.6278
vn 0.6663 -0.3347 -0.6663
vn 0.6267 -0.3375 -0.7023
vn -0.0000 -1.0000 -0.0000
vn 0.6658 -0.0068 -0.7461
vn 0.7071 -0.0067 -0.7071
vn 0.7461 -0.0067 -0.6658
vn 0.9984 -0.0061 -0.0568
vn 1.0000 -0.0061 -0.0000
vn 0.9984 -0.0060 0.0568
vn 0.8617 -0.0058 0.5075
vn 0.8315 -0.0057 0.5556
vn 0.7986 -0.0057 0.6019
vn 0.4345 -0.0057 0.9006
vn 0.3827 -0.0057 0.9239
vn 0.3296 -0.0057 0.9441
vn -0.6658 -0.0064 0.7461
vn -0.7071 -0.0064 0.7071
vn -0.7461 -0.0065 0.6658
vn 0.0568 -0.0058 0.9984
vn -0.0000 -0.0059 1.0000
vn -0.0568 -0.0059 0.9984
vn -0.8616 -0.0074 -0.5075
vn -0.8314 -0.0074 -0.5556
vn -0.7986 -0.0074 -0.6019
vn -0.0980 -0.0074 -0.9952
vn -0.2903 -0.0074 -0.9569
vn -0.4714 -0.0075 -0.8819
vn -0.6344 -0.0075 -0.7730
vn -0.9569 -0.0073 -0.2903
vn -0.9952 -0.0072 -0.0980
vn -0.9952 -0.0071 0.0980
vn -0.9569 -0.0069 0.2903
vn -0.8819 -0.0067 0.4714
vn -0.4714 -0.0062 0.8819
vn -0.2903 -0.0061 0.9569
vn 0.6344 -0.0057 0.7730
vn 0.9569 -0.0059 0.2903
vn 0.9569 -0.0063 -0.2903
vn 0.8819 -0.0065 -0.4714
vn 0.4714 -0.0070 -0.8819
vn 0.2903 -0.0071 -0.9569
vn 0.0980 -0.0073 -0.9952
vn -0.7972 0.0597 -0.6008
vn -0.8300 0.0594 -0.5546
vn -0.8601 0.0594 -0.5066
vn -0.0567 0.0476 0.9973
vn -0.0000 0.0472 0.9989
vn 0.0567 0.0471 0.9973
vn -0.7451 0.0523 0.6649
vn -0.7062 0.0518 0.7062
vn -0.6649 0.0515 0.7451
vn 0.3293 0.0463 0.9431
vn 0.3823 0.0461 0.9229
vn 0.4341 0.0461 0.8997
vn 0.7977 0.0463 0.6012
vn 0.8306 0.0463 0.5550
vn 0.8607 0.0466 0.5069
vn 0.9972 0.0486 0.0567
vn 0.9988 0.0488 -0.0000
vn 0.9972 0.0493 -0.0567
vn 0.7450 0.0538 -0.6649
vn 0.7061 0.0540 -0.7061
vn 0.6648 0.0545 -0.7450
vn 0.6563 0.1687 -0.7354
vn 0.6972 0.1671 -0.6972
vn 0.7357 0.1663 -0.6566
vn 0.9867 0.1527 -0.0561
vn 0.9885 0.1513 -0.0000
vn 0.9870 0.1507 0.0561
vn 0.8526 0.1446 0.5021
vn 0.8228 0.1437 0.5498
vn 0.7903 0.1438 0.5956
vn 0.4300 0.1431 0.8914
vn 0.3788 0.1430 0.9144
vn 0.3262 0.1437 0.9343
vn -0.6573 0.1595 0.7366
vn -0.6980 0.1602 0.6980
vn -0.7363 0.1618 0.6570
vn 0.0562 0.1461 0.9877
vn -0.0000 0.1464 0.9892
vn -0.0562 0.1475 0.9875
vn -0.8471 0.1833 -0.4989
vn -0.8174 0.1834 -0.5461
vn -0.7849 0.1842 -0.5916
vn -0.0978 0.0593 -0.9934
vn -0.2898 0.0599 -0.9552
vn -0.4705 0.0602 -0.8803
vn -0.6332 0.0603 -0.7716
vn -0.9553 0.0588 -0.2898
vn -0.9935 0.0579 -0.0979
vn -0.9936 0.0568 0.0979
vn -0.9555 0.0555 0.2898
vn -0.8806 0.0542 0.4707
vn -0.4708 0.0502 0.8808
vn -0.2899 0.0490 0.9558
vn 0.6337 0.0463 0.7722
vn 0.9559 0.0477 0.2900
vn 0.9557 0.0510 -0.2899
vn 0.8807 0.0524 -0.4708
vn 0.4706 0.0564 -0.8805
vn 0.2898 0.0575 -0.9554
vn 0.0978 0.0585 -0.9935
vn -0.7820 0.2027 -0.5894
vn -0.8144 0.2018 -0.5441
vn -0.8439 0.2018 -0.4970
vn -0.0560 0.1626 0.9851
vn -0.0000 0.1613 0.9869
vn 0.0560 0.1610 0.9854
vn -0.7342 0.1783 0.6552
vn -0.6960 0.1765 0.6960
vn -0.6555 0.1757 0.7345
vn 0.3255 0.1583 0.9322
vn 0.3779 0.1576 0.9123
vn 0.4291 0.1577 0.8894
vn 0.7885 0.1584 0.5943
vn 0.8210 0.1584 0.5486
vn 0.8507 0.1594 0.5010
vn 0.9845 0.1661 0.0560
vn 0.9860 0.1667 -0.0000
vn 0.9842 0.1682 -0.0560
vn 0.7335 0.1831 -0.6546
vn 0.6950 0.1840 -0.6950
vn 0.6542 0.1857 -0.7331
vn -0.0964 0.1831 -0.9784
vn -0.2853 0.1848 -0.9405
vn -0.4632 0.1857 -0.8666
vn -0.6233 0.1859 -0.7595
vn -0.9410 0.1816 -0.2855
vn -0.9792 0.1788 -0.0964
vn -0.9798 0.1754 0.0965
vn -0.9427 0.1717 0.2860
vn -0.8694 0.1676 0.4647
vn -0.4657 0.1555 0.8712
vn -0.2869 0.1520 0.9458
vn 0.6278 0.1436 0.7650
vn 0.9464 0.1480 0.2871
vn 0.9449 0.1580 -0.2866
vn 0.8703 0.1621 -0.4652
vn 0.4642 0.1742 -0.8684
vn 0.2857 0.1777 -0.9417
vn 0.0964 0.1807 -0.9788
vn 0.0977 -0.0758 -0.9923
vn 0.2895 -0.0745 -0.9543
vn 0.4701 -0.0730 -0.8796
vn 0.8799 -0.0678 -0.4703
vn 0.9548 -0.0661 -0.2896
vn 0.9551 -0.0618 0.2897
vn 0.6333 -0.0600 0.7716
vn -0.2897 -0.0635 0.9550
vn -0.4704 -0.0650 0.8801
vn -0.8797 -0.0702 0.4702
vn -0.9545 -0.0720 0.2895
vn -0.9925 -0.0736 0.0978
vn -0.9924 -0.0750 -0.0977
vn -0.9542 -0.0762 -0.2894
vn -0.6325 -0.0781 -0.7707
vn -0.4700 -0.0780 -0.8792
vn -0.2894 -0.0776 -0.9541
vn -0.0977 -0.0769 -0.9922
vn -0.0957 -0.2160 -0.9717
vn -0.2833 -0.2180 -0.9339
vn -0.4599 -0.2191 -0.8605
vn -0.6190 -0.2193 -0.7542
vn -0.9347 -0.2143 -0.2835
vn -0.9728 -0.2110 -0.0958
vn -0.9736 -0.2071 0.0959
vn -0.9371 -0.2027 0.2843
vn -0.8645 -0.1980 0.4621
vn -0.4634 -0.1838 0.8669
vn -0.2856 -0.1797 0.9414
vn 0.6252 -0.1699 0.7618
vn 0.9422 -0.1750 0.2858
vn 0.9401 -0.1868 -0.2852
vn 0.8656 -0.1915 -0.4627
vn 0.4613 -0.2057 -0.8631
vn 0.2838 -0.2097 -0.9357
vn 0.0958 -0.2132 -0.9723
vn 0.6642 -0.0707 -0.7442
vn 0.7054 -0.0700 -0.7054
vn 0.7443 -0.0697 -0.6642
vn 0.9964 -0.0638 -0.0567
vn 0.9980 -0.0632 -0.0000
vn 0.9964 -0.0630 0.0567
vn 0.8601 -0.0604 0.5065
vn 0.8300 -0.0600 0.5546
vn 0.7971 -0.0600 0.6008
vn 0.4337 -0.0598 0.8991
vn 0.3820 -0.0597 0.9222
vn 0.3290 -0.0600 0.9424
vn -0.6643 -0.0667 0.7444
vn -0.7055 -0.0671 0.7055
vn -0.7444 -0.0677 0.6643
vn 0.0567 -0.0610 0.9965
vn -0.0000 -0.0612 0.9981
vn -0.0567 -0.0616 0.9965
vn -0.8591 -0.0770 -0.5060
vn -0.8290 -0.0770 -0.5539
vn -0.7962 -0.0773 -0.6001
vn 0.0915 -0.3593 -0.9287
vn 0.2715 -0.3539 -0.8950
vn 0.4420 -0.3475 -0.8269
vn 0.8339 -0.3254 -0.4457
vn 0.9073 -0.3179 -0.2752
vn 0.9131 -0.2992 0.2770
vn 0.6069 -0.2910 0.7396
vn -0.2763 -0.3067 0.9108
vn -0.4477 -0.3133 0.8375
vn -0.8307 -0.3357 0.4440
vn -0.8989 -0.3430 0.2727
vn -0.9323 -0.3498 0.0918
vn -0.9300 -0.3559 -0.0916
vn -0.8925 -0.3609 -0.2707
vn -0.5898 -0.3685 -0.7186
vn -0.4383 -0.3682 -0.8199
vn -0.2701 -0.3666 -0.8903
vn -0.0913 -0.3635 -0.9271
vn 0.6525 -0.1992 -0.7312
vn 0.6932 -0.1974 -0.6932
vn 0.7316 -0.1965 -0.6528
vn 0.9820 -0.1805 -0.0558
vn 0.9839 -0.1789 -0.0000
vn 0.9824 -0.1782 0.0559
vn 0.8490 -0.1711 0.5000
vn 0.8194 -0.1701 0.5475
vn 0.7870 -0.1701 0.5931
vn 0.4282 -0.1693 0.8877
vn 0.3772 -0.1691 0.9106
vn 0.3248 -0.1700 0.9304
vn -0.6539 -0.1885 0.7327
vn -0.6943 -0.1894 0.6943
vn -0.7323 -0.1913 0.6535
vn 0.0559 -0.1729 0.9834
vn -0.0000 -0.1732 0.9849
vn -0.0559 -0.1745 0.9831
vn -0.8413 -0.2163 -0.4955
vn -0.8118 -0.2164 -0.5424
vn -0.7795 -0.2173 -0.5875
vn -0.6233 0.1858 -0.7595
vt 0.533516 1.309267
vt 0.522353 1.208183
vt 0.533488 1.208163
vt 0.522372 1.309286
vt 0.511055 1.208193
vt 0.511065 1.309295
vt 0.499555 1.208191
vt 0.475781 1.309261
vt 0.463486 1.208123
vt 0.475804 1.208156
vt 0.463452 1.309231
vt 0.450841 1.208083
vt 0.424488 1.309102
vt 0.410941 1.207927
vt 0.424549 1.207983
vt 0.383005 1.308949
vt 0.368982 1.207765
vt 0.383071 1.207816
vt 0.706494 1.207630
vt 0.693389 1.308770
vt 0.693386 1.207620
vt 0.680630 1.308771
vt 0.680614 1.207622
vt 0.656049 1.207657
vt 0.644254 1.308833
vt 0.644211 1.207689
vt 0.632674 1.308870
vt 0.632626 1.207730
vt 0.621308 1.308914
vt 0.621256 1.207778
vt 0.610117 1.308962
vt 0.610063 1.207830
vt 0.599064 1.309013
vt 0.599010 1.207886
vt 0.577166 1.207997
vt 0.566348 1.309162
vt 0.566301 1.208048
vt 0.555425 1.208094
vt 0.555466 1.309204
vt 0.544500 1.208133
vt 0.544535 1.309240
vt 0.576711 -0.258359
vt 0.583512 -0.308959
vt 0.583595 -0.207821
vt 0.591598 -0.207859
vt 0.598474 -0.309019
vt 0.598559 -0.207893
vt 0.577216 1.309115
vt 0.313971 -0.309222
vt 0.322424 -0.208122
vt 0.313954 -0.208135
vt 0.322455 -0.309211
vt 0.332499 -0.208105
vt 0.341383 -0.309182
vt 0.341321 -0.208088
vt 0.341000 1.207680
vt 0.340962 1.308825
vt 0.313864 1.207630
vt 0.313853 1.308778
vt 0.655694 -0.309200
vt 0.663350 -0.208122
vt 0.655751 -0.208110
vt 0.663301 -0.309211
vt 0.672436 -0.208134
vt 0.672400 -0.309221
vt 0.680484 -0.208143
vt 0.656085 1.308803
vt 0.350145 -0.208064
vt 0.350220 -0.309162
vt 0.360521 -0.208034
vt 0.369578 -0.309115
vt 0.369483 -0.208007
vt 0.368922 1.308902
vt 0.383727 -0.309074
vt 0.392552 -0.207926
vt 0.383623 -0.207959
vt 0.402928 -0.309014
vt 0.402819 -0.207887
vt 0.411604 -0.308986
vt 0.411499 -0.207853
vt 0.410874 1.309051
vt 0.425065 -0.207801
vt 0.433647 -0.308916
vt 0.433557 -0.207770
vt 0.443253 -0.308887
vt 0.443173 -0.207735
vt 0.451283 -0.308863
vt 0.451213 -0.207706
vt 0.450796 1.309194
vt 0.475992 -0.207637
vt 0.483664 -0.308795
vt 0.483640 -0.207624
vt 0.492304 -0.308785
vt 0.492293 -0.207612
vt 0.499559 -0.308777
vt 0.499559 -0.207603
vt 0.785291 -0.309046
vt 0.776358 -0.309074
vt 0.762209 -0.309115
vt 0.499555 1.309293
vt 0.761552 1.308902
vt 0.775635 1.308949
vt 0.784540 1.308981
vt 0.475919 0.298040
vt 0.475896 0.500296
vt 0.499557 0.298079
vt 0.499557 0.500335
vt 0.492255 0.702581
vt 0.499556 0.702591
vt 0.483558 0.702566
vt 0.492262 0.500325
vt 0.475872 0.702552
vt 0.483574 0.500311
vt 0.424866 0.297849
vt 0.424801 0.500104
vt 0.451069 0.297960
vt 0.451023 0.500215
vt 0.442900 0.702436
vt 0.450976 0.702470
vt 0.433250 0.702395
vt 0.442954 0.500181
vt 0.424737 0.702358
vt 0.433310 0.500140
vt 0.383409 0.297665
vt 0.383339 0.499919
vt 0.411283 0.297788
vt 0.411213 0.500042
vt 0.402452 0.702257
vt 0.411143 0.702297
vt 0.392186 0.702212
vt 0.402524 0.500003
vt 0.383271 0.702173
vt 0.341196 0.297515
vt 0.341156 0.499768
vt 0.369289 0.297608
vt 0.369226 0.499862
vt 0.360228 0.702084
vt 0.369163 0.702115
vt 0.349944 0.499796
vt 0.349895 0.702049
vt 0.341116 0.702021
vt 0.655867 0.297489
vt 0.655905 0.499742
vt 0.680535 0.297450
vt 0.680551 0.499703
vt 0.672536 0.499713
vt 0.680567 0.701956
vt 0.672560 0.701966
vt 0.663481 0.499728
vt 0.663513 0.701980
vt 0.655942 0.701995
vt 0.313919 0.297459
vt 0.313907 0.499712
vt 0.332337 0.702001
vt 0.322339 0.499728
vt 0.322318 0.701980
vt 0.313896 0.701965
vt 0.576909 0.297865
vt 0.576962 0.500119
vt 0.598733 0.297742
vt 0.598790 0.499996
vt 0.591885 0.702290
vt 0.598846 0.702250
vt 0.583819 0.500080
vt 0.583874 0.702335
vt 0.577014 0.702374
vt 0.544320 0.298015
vt 0.533376 0.500304
vt 0.533347 0.298048
vt 0.555213 0.297972
vt 0.544357 0.500270
vt 0.566064 0.297921
vt 0.555257 0.500227
vt 0.609845 0.499934
vt 0.609789 0.297681
vt 0.621045 0.499876
vt 0.620991 0.297623
vt 0.632429 0.499823
vt 0.632378 0.297570
vt 0.644037 0.499778
vt 0.643991 0.297525
vt 0.693374 0.499701
vt 0.693371 0.297449
vt 0.706538 0.499712
vt 0.706549 0.297459
vt 0.463659 0.298005
vt 0.463624 0.500260
vt 0.511004 0.298081
vt 0.522254 0.298070
vt 0.511015 0.500337
vt 0.522275 0.500326
vt 0.577125 1.106878
vt 0.583928 0.904590
vt 0.583990 1.106840
vt 0.591941 0.904544
vt 0.592004 1.106797
vt 0.598965 1.106758
vt 0.313873 1.106484
vt 0.322298 0.904233
vt 0.322275 1.106499
vt 0.332306 0.904254
vt 0.332271 1.106519
vt 0.341031 1.106538
vt 0.656020 1.106513
vt 0.663544 0.904233
vt 0.663580 1.106499
vt 0.672583 0.904218
vt 0.672610 1.106485
vt 0.680583 0.904208
vt 0.680601 1.106475
vt 0.349847 0.904302
vt 0.349792 1.106565
vt 0.360171 0.904337
vt 0.360107 1.106598
vt 0.369031 1.106629
vt 0.383125 1.106684
vt 0.392115 0.904465
vt 0.392035 1.106721
vt 0.402301 1.106765
vt 0.402381 0.904511
vt 0.410996 1.106803
vt 0.424673 0.904613
vt 0.433122 1.106898
vt 0.424601 1.106863
vt 0.433190 0.904650
vt 0.442787 1.106937
vt 0.442847 0.904691
vt 0.450878 1.106970
vt 0.475849 0.904807
vt 0.483524 1.107063
vt 0.475823 1.107049
vt 0.483542 0.904822
vt 0.492239 1.107077
vt 0.492247 0.904837
vt 0.499556 1.107087
vt 0.499556 0.904847
vt 0.450930 0.904725
vt 0.383203 0.904426
vt 0.411075 0.904551
vt 0.341076 0.904274
vt 0.369101 0.904369
vt 0.655978 0.904248
vt 0.313885 0.904217
vt 0.577066 0.904629
vt 0.598902 0.904504
vt 0.544393 0.702526
vt 0.533433 0.904815
vt 0.533404 0.702559
vt 0.555300 0.702483
vt 0.544429 0.904781
vt 0.566161 0.702431
vt 0.555342 0.904738
vt 0.609956 0.904442
vt 0.609901 0.702188
vt 0.621152 0.904383
vt 0.614334 0.702165
vt 0.616579 0.702153
vt 0.632529 0.904330
vt 0.621099 0.702130
vt 0.632480 0.702077
vt 0.644126 0.904284
vt 0.644081 0.702031
vt 0.693380 0.904206
vt 0.693377 0.701954
vt 0.706516 0.904217
vt 0.706527 0.701965
vt 0.463589 0.702516
vt 0.463554 0.904771
vt 0.511025 0.702593
vt 0.522295 0.702582
vt 0.511035 0.904849
vt 0.522314 0.904838
vt 0.492233 1.208182
vt 0.483511 1.208169
vt 0.442745 1.208052
vt 0.433075 1.208015
vt 0.402244 1.207892
vt 0.391978 1.207851
vt 0.360062 1.207737
vt 0.349754 1.207706
vt 0.672629 1.207631
vt 0.663605 1.207644
vt 0.332246 1.207662
vt 0.322258 1.207644
vt 0.592048 1.207921
vt 0.584033 1.207962
vt 0.544471 1.107024
vt 0.555391 1.106982
vt 0.566263 1.106933
vt 0.566208 0.904686
vt 0.610019 1.106699
vt 0.621213 1.106642
vt 0.632586 1.106591
vt 0.644176 1.106548
vt 0.693384 1.106473
vt 0.463514 1.107014
vt 0.511047 1.107088
vt 0.522337 1.107078
vt 0.533466 1.107056
vt 0.584085 1.309083
vt 0.592102 1.309046
vt 0.322239 1.308791
vt 0.332216 1.308808
vt 0.663635 1.308791
vt 0.672652 1.308779
vt 0.349707 1.308848
vt 0.360007 1.308876
vt 0.391910 1.308981
vt 0.402175 1.309019
vt 0.433017 1.309132
vt 0.442693 1.309166
vt 0.483496 1.309273
vt 0.492226 1.309285
vt 0.706503 1.106484
vt 0.533283 -0.106479
vt 0.522234 0.095814
vt 0.522210 -0.106458
vt 0.510994 0.095825
vt 0.510982 -0.106448
vt 0.499558 0.095823
vt 0.499558 -0.106449
vt 0.475971 -0.106486
vt 0.463695 0.095749
vt 0.463737 -0.106520
vt 0.451117 0.095704
vt 0.451172 -0.106562
vt 0.425008 -0.106665
vt 0.411354 0.095534
vt 0.411437 -0.106723
vt 0.383562 -0.106838
vt 0.369353 0.095355
vt 0.369428 -0.106891
vt 0.706560 0.095207
vt 0.693364 -0.107041
vt 0.706574 -0.107031
vt 0.693368 0.095196
vt 0.680499 -0.107040
vt 0.655829 0.095237
vt 0.643892 -0.106970
vt 0.655784 -0.107003
vt 0.643946 0.095272
vt 0.632267 -0.106927
vt 0.632327 0.095317
vt 0.620871 -0.106878
vt 0.620935 0.095369
vt 0.609664 -0.106824
vt 0.609731 0.095427
vt 0.598609 -0.106766
vt 0.576855 0.095610
vt 0.565957 -0.106598
vt 0.576793 -0.106651
vt 0.555169 0.095717
vt 0.555118 -0.106550
vt 0.544283 0.095759
vt 0.544240 -0.106510
vt 0.533317 0.095792
vt 0.598676 0.095488
vt 0.341286 -0.106979
vt 0.341237 0.095262
vt 0.313944 -0.107031
vt 0.313930 0.095207
vt 0.680518 0.095198
vt 0.383479 0.095412
vt 0.424932 0.095594
vt 0.475943 0.095785
vt 0.492270 0.298069
vt 0.483591 0.298055
vt 0.492277 0.095813
vt 0.483607 0.095799
vt 0.443007 0.297926
vt 0.433371 0.297885
vt 0.443062 0.095671
vt 0.433432 0.095630
vt 0.402597 0.297749
vt 0.392330 0.297704
vt 0.402670 0.095495
vt 0.360343 0.297577
vt 0.350043 0.095290
vt 0.349993 0.297543
vt 0.672487 0.095208
vt 0.672511 0.297461
vt 0.663416 0.095222
vt 0.663449 0.297475
vt 0.332401 0.297495
vt 0.322381 0.095222
vt 0.322359 0.297475
vt 0.591772 0.297781
vt 0.583709 0.095571
vt 0.583764 0.297826
vt 0.576747 -0.207788
vt 0.544208 -0.207659
vt 0.533258 -0.207630
vt 0.555080 -0.207695
vt 0.565914 -0.207739
vt 0.609615 -0.207945
vt 0.620822 -0.207995
vt 0.632222 -0.208040
vt 0.643852 -0.208079
vt 0.693361 -0.208144
vt 0.706584 -0.208135
vt 0.463768 -0.207667
vt 0.510973 -0.207602
vt 0.522193 -0.207611
vt 0.492286 -0.106459
vt 0.483626 -0.106472
vt 0.443125 -0.106594
vt 0.433504 -0.106632
vt 0.392403 0.095450
vt 0.402756 -0.106760
vt 0.360401 0.095324
vt 0.350102 -0.106953
vt 0.672458 -0.107030
vt 0.663378 -0.107017
vt 0.332433 0.095243
vt 0.322405 -0.107017
vt 0.591715 0.095527
vt 0.583643 -0.106687
vt 0.533215 -0.308800
vt 0.522163 -0.308784
vt 0.510957 -0.308776
vt 0.476027 -0.308805
vt 0.463821 -0.308831
vt 0.425162 -0.308942
vt 0.693357 -0.309229
vt 0.706601 -0.309222
vt 0.680459 -0.309228
vt 0.643784 -0.309175
vt 0.632145 -0.309142
vt 0.620740 -0.309105
vt 0.609530 -0.309063
vt 0.565842 -0.308891
vt 0.576668 -0.308931
vt 0.555016 -0.308854
vt 0.544153 -0.308823
vt 0.392488 -0.106802
vt 0.360470 -0.106921
vt 0.332471 -0.106998
vt 0.591648 -0.106729
vt 0.566112 0.500176
vt 0.591829 0.500035
vt 0.332369 0.499748
vt 0.360285 0.499831
vt 0.392257 0.499958
vt 0.566014 0.095666
vt 0.706484 1.308778
vt 0.591514 -0.308991
vt 0.332547 -0.309196
vt 0.360608 -0.309137
vt 0.392660 -0.309046
vt 0.715086 -0.309211
vt 0.725177 -0.309196
vt 0.734013 -0.309182
vt 0.742850 -0.309162
vt 0.753239 -0.309137
vt 0.714869 1.308791
vt 0.724846 1.308808
vt 0.733592 1.308825
vt 0.742338 1.308848
vt 0.752638 1.308876
vt 0.618836 0.702141
vt 0.612106 0.702176
s 0
usemtl Material.006
f 66/131/35 352/132/35 330/133/35
f 68/134/36 353/135/36 352/132/36
f 70/136/37 354/137/37 353/135/37
f 74/138/38 356/139/38 355/140/38
f 76/141/39 357/142/39 356/139/39
f 80/143/40 359/144/40 358/145/40
f 84/146/41 361/147/41 360/148/41
f 363/149/42 92/150/42 364/151/42
f 364/151/43 94/152/43 365/153/43
f 366/154/44 98/155/44 367/156/44
f 367/156/45 100/157/45 368/158/45
f 368/158/46 102/159/46 369/160/46
f 369/160/47 104/161/47 370/162/47
f 370/162/48 106/163/48 371/164/48
f 372/165/49 110/166/49 373/167/49
f 110/166/50 374/168/50 373/167/50
f 112/169/51 375/170/51 374/168/51
f 114/171/52 330/133/52 375/170/52
f 648/172/53 118/173/53 521/174/53
f 118/173/54 522/175/54 521/174/54
f 522/175/55 115/176/55 523/177/55
f 371/164/56 120/163/56 333/164/56
f 376/165/56 108/178/56 372/165/56
f 124/179/57 524/180/57 514/181/57
f 126/182/58 525/183/58 524/180/58
f 525/183/59 123/184/59 526/185/59
f 362/186/56 128/187/56 336/186/56
f 377/188/56 90/189/56 363/188/56
f 132/190/60 527/191/60 515/192/60
f 134/193/61 528/194/61 527/191/61
f 133/195/62 529/196/62 528/194/62
f 365/153/56 136/152/56 339/153/56
f 378/154/56 96/197/56 366/154/56
f 140/184/63 530/198/63 516/185/63
f 142/199/64 531/200/64 530/198/64
f 531/200/65 139/201/65 532/202/65
f 361/147/56 144/203/56 342/147/56
f 379/186/56 88/187/56 362/186/56
f 148/204/66 533/205/66 517/206/66
f 533/205/67 149/207/67 534/208/67
f 534/208/68 147/209/68 535/210/68
f 359/144/56 152/211/56 345/144/56
f 380/148/56 84/146/56 360/148/56
f 518/212/69 158/213/69 536/214/69
f 536/214/70 157/215/70 537/216/70
f 537/216/71 155/217/71 538/218/71
f 357/142/56 160/219/56 348/142/56
f 381/145/56 80/143/56 358/145/56
f 519/220/72 166/221/72 539/222/72
f 539/222/73 165/223/73 540/224/73
f 540/224/74 163/225/74 541/226/74
f 150/227/75 148/228/75 85/229/75
f 354/137/56 168/230/56 351/137/56
f 382/140/56 74/138/56 355/140/56
f 86/231/56 151/232/56 153/233/56
f 647/234/56 175/235/56 620/234/56
f 619/236/56 223/237/56 616/236/56
f 593/238/76 223/237/76 594/239/76
f 592/240/77 222/241/77 593/238/77
f 572/242/78 221/243/78 592/240/78
f 646/244/56 178/245/56 623/244/56
f 622/246/56 219/247/56 613/246/56
f 590/248/79 219/247/79 591/249/79
f 589/250/80 218/251/80 590/248/80
f 571/252/81 217/253/81 589/250/81
f 645/254/56 180/255/56 625/254/56
f 624/256/56 215/257/56 610/256/56
f 587/258/82 215/257/82 588/259/82
f 586/260/83 214/261/83 587/258/83
f 212/255/84 586/260/84 570/262/84
f 644/263/56 182/264/56 627/263/56
f 626/265/56 211/266/56 607/265/56
f 584/267/85 211/266/85 585/268/85
f 209/269/86 584/267/86 583/270/86
f 208/264/87 583/270/87 569/271/87
f 643/272/56 186/273/56 631/272/56
f 630/274/56 207/275/56 604/274/56
f 206/276/88 582/277/88 581/278/88
f 205/279/89 581/278/89 580/280/89
f 204/273/90 580/280/90 568/281/90
f 642/282/56 183/283/56 628/282/56
f 627/263/56 203/264/56 601/263/56
f 578/284/91 203/264/91 579/271/91
f 201/285/92 578/284/92 577/286/92
f 200/283/93 577/286/93 567/287/93
f 641/288/56 192/289/56 637/288/56
f 636/290/56 199/291/56 598/290/56
f 575/292/94 199/291/94 576/293/94
f 197/294/95 575/292/95 574/295/95
f 196/289/96 574/295/96 566/296/96
f 640/297/97 171/298/97 595/299/97
f 639/300/98 195/301/98 640/297/98
f 638/302/99 194/303/99 639/300/99
f 192/289/100 638/302/100 637/288/100
f 190/304/101 636/290/101 635/305/101
f 189/306/102 635/305/102 634/307/102
f 188/308/103 634/307/103 633/309/103
f 187/310/104 633/309/104 632/311/104
f 186/273/105 632/311/105 631/272/105
f 184/312/106 630/274/106 629/313/106
f 183/314/107 629/313/107 628/315/107
f 625/254/108 181/266/108 626/265/108
f 623/244/109 179/257/109 624/256/109
f 621/316/110 177/247/110 622/246/110
f 620/234/111 176/317/111 621/316/111
f 618/318/112 174/237/112 619/236/112
f 617/319/113 173/320/113 618/318/113
f 595/299/114 172/321/114 617/319/114
f 323/322/115 225/323/115 278/324/115
f 278/324/116 226/325/116 279/326/116
f 226/325/117 280/327/117 279/326/117
f 324/328/118 228/329/118 281/330/118
f 281/330/119 229/331/119 282/332/119
f 229/331/120 283/333/120 282/332/120
f 325/334/121 231/335/121 284/336/121
f 284/336/122 232/337/122 285/338/122
f 285/338/123 233/339/123 286/340/123
f 326/333/124 234/341/124 287/342/124
f 287/342/125 235/343/125 288/344/125
f 235/343/126 289/345/126 288/344/126
f 327/346/127 237/347/127 290/348/127
f 237/347/128 291/349/128 290/348/128
f 238/350/129 292/351/129 291/349/129
f 275/352/130 293/353/130 328/354/130
f 240/355/131 294/356/131 293/353/131
f 241/357/132 295/358/132 294/356/132
f 276/359/133 296/360/133 329/361/133
f 243/362/134 297/363/134 296/360/134
f 244/364/135 298/365/135 297/363/135
f 572/242/56 249/359/56 545/242/56
f 544/239/56 245/366/56 594/239/56
f 571/252/56 252/352/56 548/252/56
f 547/249/56 242/367/56 591/249/56
f 570/262/56 254/368/56 550/262/56
f 549/259/56 239/369/56 588/259/56
f 569/271/56 256/370/56 552/271/56
f 551/268/56 236/371/56 585/268/56
f 568/281/56 260/372/56 556/281/56
f 555/277/56 233/339/56 582/277/56
f 567/287/56 257/373/56 553/287/56
f 552/271/56 230/370/56 579/271/56
f 566/296/56 266/374/56 562/296/56
f 561/293/56 227/375/56 576/293/56
f 565/376/97 224/377/97 573/378/97
f 564/379/98 269/380/98 565/376/98
f 563/381/99 268/382/99 564/379/99
f 266/374/100 563/381/100 562/296/100
f 264/383/101 561/293/101 560/384/101
f 263/385/102 651/386/102 650/387/102
f 262/388/103 559/389/103 558/390/103
f 261/391/104 558/390/104 557/392/104
f 260/372/105 557/392/105 556/281/105
f 258/393/106 555/277/106 554/394/106
f 257/395/107 554/394/107 553/396/107
f 550/262/108 255/371/108 551/268/108
f 548/252/109 253/369/109 549/259/109
f 546/397/110 251/367/110 547/249/110
f 545/242/111 250/398/111 546/397/111
f 543/399/112 248/366/112 544/239/112
f 542/400/113 247/401/113 543/399/113
f 573/378/114 246/402/114 542/400/114
f 297/363/136 351/137/136 350/403/136
f 296/360/137 350/403/137 349/404/137
f 329/361/138 349/404/138 382/140/138
f 294/356/139 348/142/139 347/405/139
f 293/353/140 347/405/140 346/406/140
f 328/354/141 346/406/141 381/145/141
f 291/349/142 345/144/142 344/407/142
f 290/348/143 344/407/143 343/408/143
f 380/148/144 290/348/144 343/408/144
f 288/344/145 342/147/145 341/409/145
f 340/410/146 288/344/146 341/409/146
f 379/186/147 287/342/147 340/410/147
f 338/411/148 286/340/148 339/153/148
f 337/412/149 285/338/149 338/411/149
f 378/154/150 284/336/150 337/412/150
f 282/332/151 336/186/151 335/413/151
f 334/414/152 282/332/152 335/413/152
f 377/188/153 281/330/153 334/414/153
f 279/326/154 333/164/154 332/415/154
f 331/416/155 279/326/155 332/415/155
f 376/165/156 278/324/156 331/416/156
f 276/359/56 302/361/56 249/359/56
f 248/366/56 298/365/56 245/366/56
f 275/352/56 305/354/56 252/352/56
f 251/367/56 295/358/56 242/367/56
f 274/368/56 307/346/56 254/368/56
f 253/369/56 292/351/56 239/369/56
f 273/370/56 309/333/56 256/370/56
f 255/371/56 289/345/56 236/371/56
f 272/372/56 313/334/56 260/372/56
f 259/339/56 286/340/56 233/339/56
f 271/373/56 310/328/56 257/373/56
f 256/370/56 283/333/56 230/370/56
f 270/374/56 319/322/56 266/374/56
f 265/375/56 280/327/56 227/375/56
f 322/417/157 224/377/157 269/380/157
f 321/418/158 269/380/158 268/382/158
f 320/419/159 268/382/159 267/420/159
f 266/374/160 320/419/160 267/420/160
f 264/383/161 318/327/161 265/375/161
f 263/385/162 317/421/162 264/383/162
f 262/388/163 316/422/163 263/385/163
f 261/391/164 315/423/164 262/388/164
f 260/372/165 314/424/165 261/391/165
f 258/393/166 312/340/166 259/339/166
f 257/395/167 311/425/167 258/393/167
f 307/346/168 255/371/168 254/368/168
f 305/354/169 253/369/169 252/352/169
f 303/426/170 251/367/170 250/398/170
f 302/361/171 250/398/171 249/359/171
f 300/427/172 248/366/172 247/401/172
f 299/428/173 247/401/173 246/402/173
f 277/429/174 246/402/174 224/377/174
f 119/178/175 331/416/175 121/430/175
f 121/430/176 332/415/176 122/431/176
f 332/415/177 120/163/177 122/431/177
f 127/189/178 334/414/178 129/432/178
f 129/432/179 335/413/179 130/433/179
f 335/413/180 128/187/180 130/433/180
f 135/197/181 337/412/181 137/434/181
f 137/434/182 338/411/182 138/435/182
f 138/435/183 339/153/183 136/152/183
f 143/187/184 340/410/184 145/436/184
f 145/436/185 341/409/185 146/437/185
f 341/409/186 144/203/186 146/437/186
f 151/146/187 343/408/187 153/438/187
f 343/408/188 154/439/188 153/438/188
f 344/407/189 152/211/189 154/439/189
f 381/145/190 161/440/190 159/143/190
f 346/406/191 162/441/191 161/440/191
f 347/405/192 160/219/192 162/441/192
f 382/140/193 169/442/193 167/138/193
f 349/404/194 170/443/194 169/442/194
f 350/403/195 168/230/195 170/443/195
f 329/361/56 355/140/56 302/361/56
f 301/365/56 351/137/56 298/365/56
f 328/354/56 358/145/56 305/354/56
f 304/358/56 348/142/56 295/358/56
f 327/346/56 360/148/56 307/346/56
f 306/351/56 345/144/56 292/351/56
f 326/333/56 362/186/56 309/333/56
f 308/345/56 342/147/56 289/345/56
f 325/334/56 366/154/56 313/334/56
f 312/340/56 339/153/56 286/340/56
f 324/328/56 363/188/56 310/328/56
f 309/333/56 336/186/56 283/333/56
f 323/322/56 372/165/56 319/322/56
f 318/327/56 333/164/56 280/327/56
f 375/170/196 277/429/196 322/417/196
f 374/168/197 322/417/197 321/418/197
f 373/167/198 321/418/198 320/419/198
f 319/322/199 373/167/199 320/419/199
f 317/421/200 371/164/200 318/327/200
f 316/422/201 370/162/201 317/421/201
f 315/423/202 369/160/202 316/422/202
f 314/424/203 368/158/203 315/423/203
f 313/334/204 367/156/204 314/424/204
f 311/425/205 365/153/205 312/340/205
f 310/444/206 364/151/206 311/425/206
f 360/148/207 308/345/207 307/346/207
f 358/145/208 306/351/208 305/354/208
f 356/139/209 304/358/209 303/426/209
f 355/140/210 303/426/210 302/361/210
f 353/135/211 301/365/211 300/427/211
f 352/132/212 300/427/212 299/428/212
f 330/133/213 299/428/213 277/429/213
f 467/445/214 383/446/214 436/447/214
f 436/447/215 384/448/215 437/449/215
f 437/449/216 385/450/216 438/451/216
f 439/452/217 387/453/217 440/454/217
f 440/454/218 388/455/218 441/456/218
f 442/457/219 390/458/219 443/459/219
f 444/460/220 392/461/220 445/462/220
f 394/463/221 448/464/221 447/465/221
f 395/466/222 449/467/222 448/464/222
f 397/468/223 451/469/223 450/470/223
f 398/471/224 452/472/224 451/469/224
f 399/473/225 453/474/225 452/472/225
f 400/475/226 454/476/226 453/474/226
f 401/477/227 455/478/227 454/476/227
f 403/479/228 457/480/228 456/481/228
f 457/480/229 405/482/229 458/483/229
f 458/483/230 406/484/230 459/485/230
f 459/485/231 414/486/231 467/445/231
f 455/478/56 417/487/56 470/478/56
f 460/481/56 403/479/56 456/481/56
f 446/488/56 420/489/56 473/488/56
f 461/490/56 394/491/56 447/490/56
f 449/467/56 423/492/56 476/467/56
f 462/470/56 397/468/56 450/470/56
f 445/462/56 426/461/56 479/462/56
f 463/488/56 393/489/56 446/488/56
f 443/459/56 429/458/56 482/459/56
f 464/460/56 391/493/56 444/460/56
f 441/456/56 432/455/56 485/456/56
f 465/457/56 389/494/56 442/457/56
f 438/451/56 435/450/56 488/451/56
f 466/452/56 386/495/56 439/452/56
f 615/496/76 435/450/76 616/236/76
f 614/497/77 434/498/77 615/496/77
f 647/234/78 433/499/78 614/497/78
f 612/500/79 432/455/79 613/246/79
f 611/501/80 431/502/80 612/500/80
f 646/244/81 430/503/81 611/501/81
f 609/504/82 429/458/82 610/256/82
f 608/505/83 428/506/83 609/504/83
f 411/493/84 608/505/84 645/254/84
f 606/507/85 426/461/85 607/265/85
f 424/508/86 606/507/86 605/509/86
f 410/489/87 605/509/87 644/263/87
f 422/510/88 604/274/88 603/511/88
f 421/512/89 603/511/89 602/513/89
f 409/468/90 602/513/90 643/272/90
f 600/514/91 420/489/91 601/263/91
f 418/515/92 600/514/92 599/516/92
f 408/491/93 599/516/93 642/282/93
f 597/517/94 417/487/94 598/290/94
f 415/518/95 597/517/95 596/519/95
f 407/479/96 596/519/96 641/288/96
f 519/220/56 439/452/56 492/220/56
f 491/226/56 488/451/56 541/226/56
f 518/212/56 442/457/56 495/212/56
f 494/218/56 485/456/56 538/218/56
f 517/206/56 444/460/56 497/206/56
f 496/210/56 482/459/56 535/210/56
f 516/185/56 446/488/56 499/185/56
f 498/202/56 479/462/56 532/202/56
f 515/192/56 450/470/56 503/192/56
f 502/196/56 476/467/56 529/196/56
f 514/181/56 447/490/56 500/181/56
f 499/185/56 473/488/56 526/185/56
f 513/520/56 456/481/56 509/520/56
f 508/177/56 470/478/56 523/177/56
f 512/521/232 467/445/232 520/522/232
f 511/523/233 459/485/233 512/521/233
f 510/524/234 458/483/234 511/523/234
f 456/481/235 510/524/235 509/520/235
f 454/476/236 508/177/236 507/525/236
f 453/474/237 507/525/237 506/526/237
f 452/472/238 506/526/238 505/527/238
f 451/469/239 505/527/239 504/528/239
f 450/470/240 504/528/240 503/192/240
f 448/464/241 502/196/241 501/529/241
f 447/465/242 501/529/242 500/530/242
f 497/206/243 445/462/243 498/202/243
f 495/212/244 443/459/244 496/210/244
f 493/531/245 441/456/245 494/218/245
f 492/220/246 440/454/246 493/531/246
f 490/532/247 438/451/247 491/226/247
f 489/533/248 437/449/248 490/532/248
f 520/522/249 436/447/249 489/533/249
f 434/498/250 488/451/250 435/450/250
f 433/499/251 487/534/251 434/498/251
f 413/495/252 486/535/252 433/499/252
f 431/502/253 485/456/253 432/455/253
f 430/503/254 484/536/254 431/502/254
f 412/494/255 483/537/255 430/503/255
f 428/506/256 482/459/256 429/458/256
f 427/538/257 481/539/257 428/506/257
f 464/460/258 427/538/258 411/493/258
f 425/540/259 479/462/259 426/461/259
f 477/541/260 425/540/260 424/508/260
f 463/488/261 424/508/261 410/489/261
f 475/542/262 423/492/262 422/510/262
f 474/543/263 422/510/263 421/512/263
f 462/470/264 421/512/264 409/468/264
f 419/544/265 473/488/265 420/489/265
f 471/545/266 419/544/266 418/515/266
f 461/490/267 418/515/267 408/491/267
f 416/546/268 470/478/268 417/487/268
f 468/547/269 416/546/269 415/518/269
f 460/481/270 415/518/270 407/479/270
f 65/548/271 489/533/271 67/549/271
f 67/549/272 490/532/272 69/550/272
f 69/550/273 491/226/273 71/225/273
f 73/551/274 493/531/274 75/552/274
f 75/552/275 494/218/275 77/217/275
f 79/553/276 496/210/276 81/209/276
f 83/204/277 498/202/277 85/201/277
f 500/530/278 91/554/278 89/555/278
f 501/529/279 93/556/279 91/554/279
f 503/192/280 97/557/280 95/190/280
f 504/528/281 99/558/281 97/557/281
f 505/527/282 101/559/282 99/558/282
f 506/526/283 103/560/283 101/559/283
f 507/525/284 105/176/284 103/560/284
f 509/520/285 109/561/285 107/562/285
f 109/561/286 511/523/286 111/563/286
f 111/563/287 512/521/287 113/564/287
f 113/564/288 520/522/288 65/548/288
f 105/176/56 523/177/56 115/176/56
f 648/172/56 509/520/56 107/562/56
f 87/184/56 526/185/56 123/184/56
f 124/179/56 500/181/56 89/179/56
f 93/556/56 529/196/56 131/556/56
f 132/190/56 503/192/56 95/190/56
f 85/201/56 532/202/56 139/201/56
f 140/184/56 499/185/56 87/184/56
f 81/209/56 535/210/56 147/209/56
f 148/204/56 497/206/56 83/204/56
f 77/217/56 538/218/56 155/217/56
f 156/553/56 495/212/56 79/553/56
f 71/225/56 541/226/56 163/225/56
f 164/551/56 492/220/56 73/551/56
f 487/534/289 541/226/289 488/451/289
f 486/535/290 540/224/290 487/534/290
f 466/452/291 539/222/291 486/535/291
f 484/536/292 538/218/292 485/456/292
f 483/537/293 537/216/293 484/536/293
f 465/457/294 536/214/294 483/537/294
f 481/539/295 535/210/295 482/459/295
f 480/565/296 534/208/296 481/539/296
f 517/206/297 480/565/297 464/460/297
f 478/566/298 532/202/298 479/462/298
f 530/198/299 478/566/299 477/541/299
f 516/185/300 477/541/300 463/488/300
f 528/194/301 476/467/301 475/542/301
f 527/191/302 475/542/302 474/543/302
f 515/192/303 474/543/303 462/470/303
f 472/567/304 526/185/304 473/488/304
f 524/180/305 472/567/305 471/545/305
f 514/181/306 471/545/306 461/490/306
f 469/568/307 523/177/307 470/478/307
f 521/174/308 469/568/308 468/547/308
f 513/520/309 468/547/309 460/481/309
f 171/298/114 542/400/114 172/321/114
f 172/321/113 543/399/113 173/320/113
f 173/320/112 544/239/112 174/237/112
f 175/235/111 546/397/111 176/317/111
f 176/317/110 547/249/110 177/247/110
f 178/245/109 549/259/109 179/257/109
f 180/255/108 551/268/108 181/266/108
f 553/396/107 184/312/107 183/314/107
f 554/394/106 185/275/106 184/312/106
f 556/281/105 187/310/105 186/273/105
f 557/392/104 188/308/104 187/310/104
f 558/390/103 189/306/103 188/308/103
f 650/387/102 651/386/102 190/304/102
f 560/384/101 191/291/101 190/304/101
f 562/296/100 193/569/100 192/289/100
f 193/569/99 564/379/99 194/303/99
f 194/303/98 565/376/98 195/301/98
f 195/301/97 573/378/97 171/298/97
f 191/291/56 576/293/56 199/291/56
f 196/289/56 562/296/56 192/289/56
f 182/264/56 579/271/56 203/264/56
f 200/283/56 553/287/56 183/283/56
f 185/275/56 582/277/56 207/275/56
f 204/273/56 556/281/56 186/273/56
f 181/266/56 585/268/56 211/266/56
f 208/264/56 552/271/56 182/264/56
f 179/257/56 588/259/56 215/257/56
f 212/255/56 550/262/56 180/255/56
f 177/247/56 591/249/56 219/247/56
f 216/245/56 548/252/56 178/245/56
f 174/237/56 594/239/56 223/237/56
f 220/235/56 545/242/56 175/235/56
f 566/296/96 225/323/96 270/374/96
f 574/295/95 226/325/95 225/323/95
f 226/325/94 576/293/94 227/375/94
f 567/287/93 228/329/93 271/373/93
f 577/286/92 229/331/92 228/329/92
f 229/331/91 579/271/91 230/370/91
f 568/281/90 231/335/90 272/372/90
f 580/280/89 232/337/89 231/335/89
f 581/278/88 233/339/88 232/337/88
f 569/271/87 234/341/87 273/370/87
f 583/270/86 235/343/86 234/341/86
f 235/343/85 585/268/85 236/371/85
f 570/262/84 237/347/84 274/368/84
f 237/347/83 587/258/83 238/350/83
f 238/350/82 588/259/82 239/369/82
f 275/352/81 589/250/81 240/355/81
f 240/355/80 590/248/80 241/357/80
f 241/357/79 591/249/79 242/367/79
f 276/359/78 592/240/78 243/362/78
f 243/362/77 593/238/77 244/364/77
f 244/364/76 594/239/76 245/366/76
f 641/288/96 197/294/96 196/289/96
f 596/519/95 198/570/95 197/294/95
f 198/570/94 598/290/94 199/291/94
f 642/282/93 201/285/93 200/283/93
f 599/516/92 202/571/92 201/285/92
f 202/571/91 601/263/91 203/264/91
f 643/272/90 205/279/90 204/273/90
f 602/513/89 206/276/89 205/279/89
f 603/511/88 207/275/88 206/276/88
f 644/263/87 209/269/87 208/264/87
f 605/509/86 210/572/86 209/269/86
f 210/572/85 607/265/85 211/266/85
f 645/254/84 213/573/84 212/255/84
f 213/573/83 609/504/83 214/261/83
f 214/261/82 610/256/82 215/257/82
f 216/245/81 611/501/81 217/253/81
f 217/253/80 612/500/80 218/251/80
f 218/251/79 613/246/79 219/247/79
f 220/235/78 614/497/78 221/243/78
f 221/243/77 615/496/77 222/241/77
f 222/241/76 616/236/76 223/237/76
f 414/486/114 617/319/114 383/446/114
f 383/446/113 618/318/113 384/448/113
f 384/448/112 619/236/112 385/450/112
f 386/495/111 621/316/111 387/453/111
f 387/453/110 622/246/110 388/455/110
f 389/494/109 624/256/109 390/458/109
f 391/493/108 626/265/108 392/461/108
f 628/315/107 395/466/107 394/463/107
f 629/313/106 396/492/106 395/466/106
f 631/272/105 398/471/105 397/468/105
f 632/311/104 399/473/104 398/471/104
f 633/309/103 400/475/103 399/473/103
f 634/307/102 401/477/102 400/475/102
f 635/305/101 402/487/101 401/477/101
f 637/288/100 404/574/100 403/479/100
f 404/574/99 639/300/99 405/482/99
f 405/482/98 640/297/98 406/484/98
f 406/484/97 595/299/97 414/486/97
f 402/487/56 598/290/56 417/487/56
f 407/479/56 637/288/56 403/479/56
f 393/489/56 601/263/56 420/489/56
f 408/491/56 628/282/56 394/491/56
f 396/492/56 604/274/56 423/492/56
f 409/468/56 631/272/56 397/468/56
f 392/461/56 607/265/56 426/461/56
f 410/489/56 627/263/56 393/489/56
f 390/458/56 610/256/56 429/458/56
f 411/493/56 625/254/56 391/493/56
f 388/455/56 613/246/56 432/455/56
f 412/494/56 623/244/56 389/494/56
f 385/450/56 616/236/56 435/450/56
f 413/495/56 620/234/56 386/495/56
f 66/131/35 68/134/35 352/132/35
f 68/134/36 70/136/36 353/135/36
f 70/136/37 72/230/37 354/137/37
f 74/138/38 76/141/38 356/139/38
f 76/141/39 78/219/39 357/142/39
f 80/143/40 82/211/40 359/144/40
f 84/146/41 86/203/41 361/147/41
f 363/149/42 90/575/42 92/150/42
f 364/151/43 92/150/43 94/152/43
f 366/154/44 96/197/44 98/155/44
f 367/156/45 98/155/45 100/157/45
f 368/158/46 100/157/46 102/159/46
f 369/160/47 102/159/47 104/161/47
f 370/162/48 104/161/48 106/163/48
f 372/165/49 108/178/49 110/166/49
f 110/166/50 112/169/50 374/168/50
f 112/169/51 114/171/51 375/170/51
f 114/171/52 66/131/52 330/133/52
f 521/174/53 513/520/53 648/172/53
f 648/172/53 116/562/53 118/173/53
f 118/173/54 117/576/54 522/175/54
f 522/175/55 117/576/55 115/176/55
f 371/164/56 106/163/56 120/163/56
f 376/165/56 119/178/56 108/178/56
f 124/179/57 126/182/57 524/180/57
f 126/182/58 125/577/58 525/183/58
f 525/183/59 125/577/59 123/184/59
f 362/186/56 88/187/56 128/187/56
f 377/188/56 127/189/56 90/189/56
f 132/190/60 134/193/60 527/191/60
f 134/193/61 133/195/61 528/194/61
f 133/195/62 131/556/62 529/196/62
f 365/153/56 94/152/56 136/152/56
f 378/154/56 135/197/56 96/197/56
f 140/184/63 142/199/63 530/198/63
f 142/199/64 141/578/64 531/200/64
f 531/200/65 141/578/65 139/201/65
f 361/147/56 86/203/56 144/203/56
f 379/186/56 143/187/56 88/187/56
f 148/204/66 150/579/66 533/205/66
f 533/205/67 150/579/67 149/207/67
f 534/208/68 149/207/68 147/209/68
f 359/144/56 82/211/56 152/211/56
f 380/148/56 151/146/56 84/146/56
f 518/212/69 156/553/69 158/213/69
f 536/214/70 158/213/70 157/215/70
f 537/216/71 157/215/71 155/217/71
f 357/142/56 78/219/56 160/219/56
f 381/145/56 159/143/56 80/143/56
f 519/220/72 164/551/72 166/221/72
f 539/222/73 166/221/73 165/223/73
f 540/224/74 165/223/74 163/225/74
f 113/564/75 65/548/75 67/549/75
f 97/557/75 99/558/75 101/559/75
f 109/561/75 111/563/75 113/564/75
f 113/564/75 67/549/75 69/550/75
f 109/561/75 113/564/75 69/550/75
f 97/557/75 101/559/75 103/560/75
f 105/176/56 115/176/56 117/576/56
f 97/557/75 103/560/75 105/176/75
f 97/557/75 105/176/75 117/576/75
f 97/557/75 117/576/75 118/173/75
f 116/562/56 107/562/56 109/561/56
f 97/557/75 118/173/75 116/562/75
f 97/557/75 116/562/75 109/561/75
f 97/557/75 109/561/75 69/550/75
f 71/225/56 163/225/56 165/223/56
f 97/557/75 69/550/75 71/225/75
f 97/557/75 71/225/75 165/223/75
f 97/557/75 165/223/75 166/221/75
f 164/551/56 73/551/56 75/552/56
f 97/557/75 166/221/75 164/551/75
f 97/557/75 164/551/75 75/552/75
f 77/217/56 155/217/56 157/215/56
f 97/557/75 75/552/75 77/217/75
f 97/557/75 77/217/75 157/215/75
f 97/557/75 157/215/75 158/213/75
f 158/213/56 156/553/56 79/553/56
f 97/557/75 158/213/75 79/553/75
f 134/193/56 132/190/56 95/190/56
f 95/190/75 97/557/75 79/553/75
f 134/193/75 95/190/75 79/553/75
f 133/195/75 134/193/75 79/553/75
f 91/554/56 93/556/56 131/556/56
f 131/556/75 133/195/75 79/553/75
f 91/554/75 131/556/75 79/553/75
f 126/580/56 124/555/56 89/555/56
f 89/555/75 91/554/75 79/553/75
f 126/580/75 89/555/75 79/553/75
f 125/581/75 126/580/75 79/553/75
f 140/582/56 87/582/56 123/582/56
f 79/553/56 81/209/56 147/209/56
f 147/209/75 149/207/75 150/227/75
f 79/553/75 147/209/75 150/227/75
f 125/581/75 79/553/75 150/227/75
f 142/583/56 140/582/56 123/582/56
f 123/582/75 125/581/75 150/227/75
f 142/583/75 123/582/75 150/227/75
f 141/584/75 142/583/75 150/227/75
f 85/229/56 139/229/56 141/584/56
f 85/229/75 141/584/75 150/227/75
f 148/228/56 83/228/56 85/229/56
f 354/137/56 72/230/56 168/230/56
f 382/140/56 167/138/56 74/138/56
f 70/136/56 68/134/56 66/131/56
f 66/131/56 114/171/56 112/169/56
f 104/161/56 102/159/56 100/157/56
f 70/136/56 66/131/56 112/169/56
f 104/161/56 100/157/56 98/155/56
f 70/136/56 112/169/56 110/166/56
f 170/443/56 168/230/56 72/230/56
f 72/230/56 70/136/56 110/166/56
f 170/443/56 72/230/56 110/166/56
f 169/442/56 170/443/56 110/166/56
f 76/141/56 74/138/56 167/138/56
f 167/138/56 169/442/56 110/166/56
f 76/141/56 167/138/56 110/166/56
f 162/441/56 160/219/56 78/219/56
f 78/219/56 76/141/56 110/166/56
f 162/441/56 78/219/56 110/166/56
f 161/440/56 162/441/56 110/166/56
f 80/143/56 159/143/56 161/440/56
f 80/143/56 161/440/56 110/166/56
f 108/178/56 119/178/56 121/430/56
f 80/143/56 110/166/56 108/178/56
f 80/143/56 108/178/56 121/430/56
f 80/143/56 121/430/56 122/431/56
f 120/163/56 106/163/56 104/161/56
f 80/143/56 122/431/56 120/163/56
f 80/143/56 120/163/56 104/161/56
f 80/143/56 104/161/56 98/155/56
f 96/197/56 135/197/56 137/434/56
f 80/143/56 98/155/56 96/197/56
f 80/143/56 96/197/56 137/434/56
f 80/143/56 137/434/56 138/435/56
f 136/152/56 94/152/56 92/150/56
f 80/143/56 138/435/56 136/152/56
f 80/143/56 136/152/56 92/150/56
f 90/575/56 127/575/56 129/585/56
f 80/143/56 92/150/56 90/575/56
f 80/143/56 90/575/56 129/585/56
f 80/143/56 129/585/56 130/586/56
f 128/587/56 88/587/56 143/587/56
f 152/211/56 82/211/56 80/143/56
f 153/233/56 154/439/56 152/211/56
f 153/233/56 152/211/56 80/143/56
f 153/233/56 80/143/56 130/586/56
f 128/587/56 143/587/56 145/588/56
f 153/233/56 130/586/56 128/587/56
f 153/233/56 128/587/56 145/588/56
f 153/233/56 145/588/56 146/589/56
f 146/589/56 144/231/56 86/231/56
f 153/233/56 146/589/56 86/231/56
f 86/231/56 84/232/56 151/232/56
f 647/234/56 220/235/56 175/235/56
f 619/236/56 174/237/56 223/237/56
f 593/238/76 222/241/76 223/237/76
f 592/240/77 221/243/77 222/241/77
f 572/242/78 220/235/78 221/243/78
f 646/244/56 216/245/56 178/245/56
f 622/246/56 177/247/56 219/247/56
f 590/248/79 218/251/79 219/247/79
f 589/250/80 217/253/80 218/251/80
f 571/252/81 216/245/81 217/253/81
f 645/254/56 212/255/56 180/255/56
f 624/256/56 179/257/56 215/257/56
f 587/258/82 214/261/82 215/257/82
f 586/260/83 213/573/83 214/261/83
f 212/255/84 213/573/84 586/260/84
f 644/263/56 208/264/56 182/264/56
f 626/265/56 181/266/56 211/266/56
f 584/267/85 210/572/85 211/266/85
f 209/269/86 210/572/86 584/267/86
f 208/264/87 209/269/87 583/270/87
f 643/272/56 204/273/56 186/273/56
f 630/274/56 185/275/56 207/275/56
f 206/276/88 207/275/88 582/277/88
f 205/279/89 206/276/89 581/278/89
f 204/273/90 205/279/90 580/280/90
f 642/282/56 200/283/56 183/283/56
f 627/263/56 182/264/56 203/264/56
f 578/284/91 202/571/91 203/264/91
f 201/285/92 202/571/92 578/284/92
f 200/283/93 201/285/93 577/286/93
f 641/288/56 196/289/56 192/289/56
f 636/290/56 191/291/56 199/291/56
f 575/292/94 198/570/94 199/291/94
f 197/294/95 198/570/95 575/292/95
f 196/289/96 197/294/96 574/295/96
f 640/297/97 195/301/97 171/298/97
f 639/300/98 194/303/98 195/301/98
f 638/302/99 193/569/99 194/303/99
f 192/289/100 193/569/100 638/302/100
f 190/304/101 191/291/101 636/290/101
f 189/306/102 190/304/102 635/305/102
f 188/308/103 189/306/103 634/307/103
f 187/310/104 188/308/104 633/309/104
f 186/273/105 187/310/105 632/311/105
f 184/312/106 185/275/106 630/274/106
f 183/314/107 184/312/107 629/313/107
f 625/254/108 180/255/108 181/266/108
f 623/244/109 178/245/109 179/257/109
f 621/316/110 176/317/110 177/247/110
f 620/234/111 175/235/111 176/317/111
f 618/318/112 173/320/112 174/237/112
f 617/319/113 172/321/113 173/320/113
f 595/299/114 171/298/114 172/321/114
f 323/322/115 270/374/115 225/323/115
f 278/324/116 225/323/116 226/325/116
f 226/325/117 227/375/117 280/327/117
f 324/328/118 271/373/118 228/329/118
f 281/330/119 228/329/119 229/331/119
f 229/331/120 230/370/120 283/333/120
f 325/334/121 272/372/121 231/335/121
f 284/336/122 231/335/122 232/337/122
f 285/338/123 232/337/123 233/339/123
f 326/333/124 273/370/124 234/341/124
f 287/342/125 234/341/125 235/343/125
f 235/343/126 236/371/126 289/345/126
f 327/346/127 274/368/127 237/347/127
f 237/347/128 238/350/128 291/349/128
f 238/350/129 239/369/129 292/351/129
f 275/352/130 240/355/130 293/353/130
f 240/355/131 241/357/131 294/356/131
f 241/357/132 242/367/132 295/358/132
f 276/359/133 243/362/133 296/360/133
f 243/362/134 244/364/134 297/363/134
f 244/364/135 245/366/135 298/365/135
f 572/242/56 276/359/56 249/359/56
f 544/239/56 248/366/56 245/366/56
f 571/252/56 275/352/56 252/352/56
f 547/249/56 251/367/56 242/367/56
f 570/262/56 274/368/56 254/368/56
f 549/259/56 253/369/56 239/369/56
f 569/271/56 273/370/56 256/370/56
f 551/268/56 255/371/56 236/371/56
f 568/281/56 272/372/56 260/372/56
f 555/277/56 259/339/56 233/339/56
f 567/287/56 271/373/56 257/373/56
f 552/271/56 256/370/56 230/370/56
f 566/296/56 270/374/56 266/374/56
f 561/293/56 265/375/56 227/375/56
f 565/376/97 269/380/97 224/377/97
f 564/379/98 268/382/98 269/380/98
f 563/381/99 267/420/99 268/382/99
f 266/374/100 267/420/100 563/381/100
f 264/383/101 265/375/101 561/293/101
f 649/590/102 559/389/102 263/385/102
f 263/385/102 264/383/102 560/384/102
f 263/385/102 560/384/102 652/591/102
f 650/387/102 649/590/102 263/385/102
f 263/385/102 652/591/102 651/386/102
f 262/388/103 263/385/103 559/389/103
f 261/391/104 262/388/104 558/390/104
f 260/372/105 261/391/105 557/392/105
f 258/393/106 259/339/106 555/277/106
f 257/395/107 258/393/107 554/394/107
f 550/262/108 254/368/108 255/371/108
f 548/252/109 252/352/109 253/369/109
f 546/397/110 250/398/110 251/367/110
f 545/242/111 249/359/111 250/398/111
f 543/399/112 247/401/112 248/366/112
f 542/400/113 246/402/113 247/401/113
f 573/378/114 224/377/114 246/402/114
f 297/363/136 298/365/136 351/137/136
f 296/360/137 297/363/137 350/403/137
f 329/361/138 296/360/138 349/404/138
f 294/356/139 295/358/139 348/142/139
f 293/353/140 294/356/140 347/405/140
f 328/354/141 293/353/141 346/406/141
f 291/349/142 292/351/142 345/144/142
f 290/348/143 291/349/143 344/407/143
f 380/148/144 327/346/144 290/348/144
f 288/344/145 289/345/145 342/147/145
f 340/410/146 287/342/146 288/344/146
f 379/186/147 326/333/147 287/342/147
f 338/411/148 285/338/148 286/340/148
f 337/412/149 284/336/149 285/338/149
f 378/154/150 325/334/150 284/336/150
f 282/332/151 283/333/151 336/186/151
f 334/414/152 281/330/152 282/332/152
f 377/188/153 324/328/153 281/330/153
f 279/326/154 280/327/154 333/164/154
f 331/416/155 278/324/155 279/326/155
f 376/165/156 323/322/156 278/324/156
f 276/359/56 329/361/56 302/361/56
f 248/366/56 301/365/56 298/365/56
f 275/352/56 328/354/56 305/354/56
f 251/367/56 304/358/56 295/358/56
f 274/368/56 327/346/56 307/346/56
f 253/369/56 306/351/56 292/351/56
f 273/370/56 326/333/56 309/333/56
f 255/371/56 308/345/56 289/345/56
f 272/372/56 325/334/56 313/334/56
f 259/339/56 312/340/56 286/340/56
f 271/373/56 324/328/56 310/328/56
f 256/370/56 309/333/56 283/333/56
f 270/374/56 323/322/56 319/322/56
f 265/375/56 318/327/56 280/327/56
f 322/417/157 277/429/157 224/377/157
f 321/418/158 322/417/158 269/380/158
f 320/419/159 321/418/159 268/382/159
f 266/374/160 319/322/160 320/419/160
f 264/383/161 317/421/161 318/327/161
f 263/385/162 316/422/162 317/421/162
f 262/388/163 315/423/163 316/422/163
f 261/391/164 314/424/164 315/423/164
f 260/372/165 313/334/165 314/424/165
f 258/393/166 311/425/166 312/340/166
f 257/395/167 310/444/167 311/425/167
f 307/346/168 308/345/168 255/371/168
f 305/354/169 306/351/169 253/369/169
f 303/426/170 304/358/170 251/367/170
f 302/361/171 303/426/171 250/398/171
f 300/427/172 301/365/172 248/366/172
f 299/428/173 300/427/173 247/401/173
f 277/429/174 299/428/174 246/402/174
f 119/178/175 376/165/175 331/416/175
f 121/430/176 331/416/176 332/415/176
f 332/415/177 333/164/177 120/163/177
f 127/189/178 377/188/178 334/414/178
f 129/432/179 334/414/179 335/413/179
f 335/413/180 336/186/180 128/187/180
f 135/197/181 378/154/181 337/412/181
f 137/434/182 337/412/182 338/411/182
f 138/435/183 338/411/183 339/153/183
f 143/187/184 379/186/184 340/410/184
f 145/436/185 340/410/185 341/409/185
f 341/409/186 342/147/186 144/203/186
f 151/146/187 380/148/187 343/408/187
f 343/408/188 344/407/188 154/439/188
f 344/407/189 345/144/189 152/211/189
f 381/145/190 346/406/190 161/440/190
f 346/406/191 347/405/191 162/441/191
f 347/405/192 348/142/192 160/219/192
f 382/140/193 349/404/193 169/442/193
f 349/404/194 350/403/194 170/443/194
f 350/403/195 351/137/195 168/230/195
f 329/361/56 382/140/56 355/140/56
f 301/365/56 354/137/56 351/137/56
f 328/354/56 381/145/56 358/145/56
f 304/358/56 357/142/56 348/142/56
f 327/346/56 380/148/56 360/148/56
f 306/351/56 359/144/56 345/144/56
f 326/333/56 379/186/56 362/186/56
f 308/345/56 361/147/56 342/147/56
f 325/334/56 378/154/56 366/154/56
f 312/340/56 365/153/56 339/153/56
f 324/328/56 377/188/56 363/188/56
f 309/333/56 362/186/56 336/186/56
f 323/322/56 376/165/56 372/165/56
f 318/327/56 371/164/56 333/164/56
f 375/170/196 330/133/196 277/429/196
f 374/168/197 375/170/197 322/417/197
f 373/167/198 374/168/198 321/418/198
f 319/322/310 372/165/310 373/167/310
f 317/421/200 370/162/200 371/164/200
f 316/422/201 369/160/201 370/162/201
f 315/423/202 368/158/202 369/160/202
f 314/424/203 367/156/203 368/158/203
f 313/334/204 366/154/204 367/156/204
f 311/425/205 364/151/205 365/153/205
f 310/444/206 363/149/206 364/151/206
f 360/148/207 361/147/207 308/345/207
f 358/145/208 359/144/208 306/351/208
f 356/139/209 357/142/209 304/358/209
f 355/140/210 356/139/210 303/426/210
f 353/135/211 354/137/211 301/365/211
f 352/132/212 353/135/212 300/427/212
f 330/133/213 352/132/213 299/428/213
f 467/445/214 414/486/214 383/446/214
f 436/447/215 383/446/215 384/448/215
f 437/449/216 384/448/216 385/450/216
f 439/452/217 386/495/217 387/453/217
f 440/454/218 387/453/218 388/455/218
f 442/457/219 389/494/219 390/458/219
f 444/460/220 391/493/220 392/461/220
f 394/463/221 395/466/221 448/464/221
f 395/466/222 396/492/222 449/467/222
f 397/468/223 398/471/223 451/469/223
f 398/471/224 399/473/224 452/472/224
f 399/473/225 400/475/225 453/474/225
f 400/475/226 401/477/226 454/476/226
f 401/477/227 402/487/227 455/478/227
f 403/479/228 404/574/228 457/480/228
f 457/480/229 404/574/229 405/482/229
f 458/483/230 405/482/230 406/484/230
f 459/485/231 406/484/231 414/486/231
f 455/478/56 402/487/56 417/487/56
f 460/481/56 407/479/56 403/479/56
f 446/488/56 393/489/56 420/489/56
f 461/490/56 408/491/56 394/491/56
f 449/467/56 396/492/56 423/492/56
f 462/470/56 409/468/56 397/468/56
f 445/462/56 392/461/56 426/461/56
f 463/488/56 410/489/56 393/489/56
f 443/459/56 390/458/56 429/458/56
f 464/460/56 411/493/56 391/493/56
f 441/456/56 388/455/56 432/455/56
f 465/457/56 412/494/56 389/494/56
f 438/451/56 385/450/56 435/450/56
f 466/452/56 413/495/56 386/495/56
f 615/496/76 434/498/76 435/450/76
f 614/497/77 433/499/77 434/498/77
f 647/234/78 413/495/78 433/499/78
f 612/500/79 431/502/79 432/455/79
f 611/501/80 430/503/80 431/502/80
f 646/244/81 412/494/81 430/503/81
f 609/504/82 428/506/82 429/458/82
f 608/505/83 427/538/83 428/506/83
f 411/493/84 427/538/84 608/505/84
f 606/507/85 425/540/85 426/461/85
f 424/508/86 425/540/86 606/507/86
f 410/489/87 424/508/87 605/509/87
f 422/510/88 423/492/88 604/274/88
f 421/512/89 422/510/89 603/511/89
f 409/468/90 421/512/90 602/513/90
f 600/514/91 419/544/91 420/489/91
f 418/515/92 419/544/92 600/514/92
f 408/491/93 418/515/93 599/516/93
f 597/517/94 416/546/94 417/487/94
f 415/518/95 416/546/95 597/517/95
f 407/479/96 415/518/96 596/519/96
f 519/220/56 466/452/56 439/452/56
f 491/226/56 438/451/56 488/451/56
f 518/212/56 465/457/56 442/457/56
f 494/218/56 441/456/56 485/456/56
f 517/206/56 464/460/56 444/460/56
f 496/210/56 443/459/56 482/459/56
f 516/185/56 463/488/56 446/488/56
f 498/202/56 445/462/56 479/462/56
f 515/192/56 462/470/56 450/470/56
f 502/196/56 449/467/56 476/467/56
f 514/181/56 461/490/56 447/490/56
f 499/185/56 446/488/56 473/488/56
f 513/520/56 460/481/56 456/481/56
f 508/177/56 455/478/56 470/478/56
f 512/521/232 459/485/232 467/445/232
f 511/523/233 458/483/233 459/485/233
f 510/524/234 457/480/234 458/483/234
f 456/481/235 457/480/235 510/524/235
f 454/476/236 455/478/236 508/177/236
f 453/474/237 454/476/237 507/525/237
f 452/472/238 453/474/238 506/526/238
f 451/469/239 452/472/239 505/527/239
f 450/470/240 451/469/240 504/528/240
f 448/464/241 449/467/241 502/196/241
f 447/465/242 448/464/242 501/529/242
f 497/206/243 444/460/243 445/462/243
f 495/212/244 442/457/244 443/459/244
f 493/531/245 440/454/245 441/456/245
f 492/220/246 439/452/246 440/454/246
f 490/532/247 437/449/247 438/451/247
f 489/533/248 436/447/248 437/449/248
f 520/522/249 467/445/249 436/447/249
f 434/498/250 487/534/250 488/451/250
f 433/499/251 486/535/251 487/534/251
f 413/495/252 466/452/252 486/535/252
f 431/502/253 484/536/253 485/456/253
f 430/503/254 483/537/254 484/536/254
f 412/494/255 465/457/255 483/537/255
f 428/506/256 481/539/256 482/459/256
f 427/538/257 480/565/257 481/539/257
f 464/460/258 480/565/258 427/538/258
f 425/540/259 478/566/259 479/462/259
f 477/541/260 478/566/260 425/540/260
f 463/488/261 477/541/261 424/508/261
f 475/542/262 476/467/262 423/492/262
f 474/543/263 475/542/263 422/510/263
f 462/470/264 474/543/264 421/512/264
f 419/544/265 472/567/265 473/488/265
f 471/545/266 472/567/266 419/544/266
f 461/490/267 471/545/267 418/515/267
f 416/546/268 469/568/268 470/478/268
f 468/547/269 469/568/269 416/546/269
f 460/481/270 468/547/270 415/518/270
f 65/548/271 520/522/271 489/533/271
f 67/549/272 489/533/272 490/532/272
f 69/550/273 490/532/273 491/226/273
f 73/551/274 492/220/274 493/531/274
f 75/552/275 493/531/275 494/218/275
f 79/553/276 495/212/276 496/210/276
f 83/204/277 497/206/277 498/202/277
f 500/530/278 501/529/278 91/554/278
f 501/529/279 502/196/279 93/556/279
f 503/192/280 504/528/280 97/557/280
f 504/528/281 505/527/281 99/558/281
f 505/527/282 506/526/282 101/559/282
f 506/526/283 507/525/283 103/560/283
f 507/525/284 508/177/284 105/176/284
f 509/520/285 510/524/285 109/561/285
f 109/561/286 510/524/286 511/523/286
f 111/563/287 511/523/287 512/521/287
f 113/564/288 512/521/288 520/522/288
f 105/176/56 508/177/56 523/177/56
f 107/562/56 116/562/56 648/172/56
f 648/172/56 513/520/56 509/520/56
f 87/184/56 499/185/56 526/185/56
f 124/179/56 514/181/56 500/181/56
f 93/556/56 502/196/56 529/196/56
f 132/190/56 515/192/56 503/192/56
f 85/201/56 498/202/56 532/202/56
f 140/184/56 516/185/56 499/185/56
f 81/209/56 496/210/56 535/210/56
f 148/204/56 517/206/56 497/206/56
f 77/217/56 494/218/56 538/218/56
f 156/553/56 518/212/56 495/212/56
f 71/225/56 491/226/56 541/226/56
f 164/551/56 519/220/56 492/220/56
f 487/534/289 540/224/289 541/226/289
f 486/535/290 539/222/290 540/224/290
f 466/452/291 519/220/291 539/222/291
f 484/536/292 537/216/292 538/218/292
f 483/537/293 536/214/293 537/216/293
f 465/457/294 518/212/294 536/214/294
f 481/539/295 534/208/295 535/210/295
f 480/565/296 533/205/296 534/208/296
f 517/206/297 533/205/297 480/565/297
f 478/566/298 531/200/298 532/202/298
f 530/198/299 531/200/299 478/566/299
f 516/185/300 530/198/300 477/541/300
f 528/194/301 529/196/301 476/467/301
f 527/191/302 528/194/302 475/542/302
f 515/192/303 527/191/303 474/543/303
f 472/567/304 525/183/304 526/185/304
f 524/180/305 525/183/305 472/567/305
f 514/181/306 524/180/306 471/545/306
f 469/568/307 522/175/307 523/177/307
f 521/174/308 522/175/308 469/568/308
f 513/520/309 521/174/309 468/547/309
f 171/298/114 573/378/114 542/400/114
f 172/321/113 542/400/113 543/399/113
f 173/320/112 543/399/112 544/239/112
f 175/235/111 545/242/111 546/397/111
f 176/317/110 546/397/110 547/249/110
f 178/245/109 548/252/109 549/259/109
f 180/255/108 550/262/108 551/268/108
f 553/396/107 554/394/107 184/312/107
f 554/394/106 555/277/106 185/275/106
f 556/281/105 557/392/105 187/310/105
f 557/392/104 558/390/104 188/308/104
f 558/390/103 559/389/103 189/306/103
f 190/304/102 189/306/102 559/389/102
f 190/304/102 559/389/102 649/590/102
f 652/591/102 560/384/102 190/304/102
f 651/386/102 652/591/102 190/304/102
f 190/304/102 649/590/102 650/387/102
f 560/384/101 561/293/101 191/291/101
f 562/296/100 563/381/100 193/569/100
f 193/569/99 563/381/99 564/379/99
f 194/303/98 564/379/98 565/376/98
f 195/301/97 565/376/97 573/378/97
f 191/291/56 561/293/56 576/293/56
f 196/289/56 566/296/56 562/296/56
f 182/264/56 552/271/56 579/271/56
f 200/283/56 567/287/56 553/287/56
f 185/275/56 555/277/56 582/277/56
f 204/273/56 568/281/56 556/281/56
f 181/266/56 551/268/56 585/268/56
f 208/264/56 569/271/56 552/271/56
f 179/257/56 549/259/56 588/259/56
f 212/255/56 570/262/56 550/262/56
f 177/247/56 547/249/56 591/249/56
f 216/245/56 571/252/56 548/252/56
f 174/237/56 544/239/56 594/239/56
f 220/235/56 572/242/56 545/242/56
f 566/296/96 574/295/96 225/323/96
f 574/295/95 575/292/95 226/325/95
f 226/325/94 575/292/94 576/293/94
f 567/287/93 577/286/93 228/329/93
f 577/286/92 578/284/92 229/331/92
f 229/331/91 578/284/91 579/271/91
f 568/281/90 580/280/90 231/335/90
f 580/280/89 581/278/89 232/337/89
f 581/278/88 582/277/88 233/339/88
f 569/271/87 583/270/87 234/341/87
f 583/270/86 584/267/86 235/343/86
f 235/343/85 584/267/85 585/268/85
f 570/262/84 586/260/84 237/347/84
f 237/347/83 586/260/83 587/258/83
f 238/350/82 587/258/82 588/259/82
f 275/352/81 571/252/81 589/250/81
f 240/355/80 589/250/80 590/248/80
f 241/357/79 590/248/79 591/249/79
f 276/359/78 572/242/78 592/240/78
f 243/362/77 592/240/77 593/238/77
f 244/364/76 593/238/76 594/239/76
f 641/288/96 596/519/96 197/294/96
f 596/519/95 597/517/95 198/570/95
f 198/570/94 597/517/94 598/290/94
f 642/282/93 599/516/93 201/285/93
f 599/516/92 600/514/92 202/571/92
f 202/571/91 600/514/91 601/263/91
f 643/272/90 602/513/90 205/279/90
f 602/513/89 603/511/89 206/276/89
f 603/511/88 604/274/88 207/275/88
f 644/263/87 605/509/87 209/269/87
f 605/509/86 606/507/86 210/572/86
f 210/572/85 606/507/85 607/265/85
f 645/254/84 608/505/84 213/573/84
f 213/573/83 608/505/83 609/504/83
f 214/261/82 609/504/82 610/256/82
f 216/245/81 646/244/81 611/501/81
f 217/253/80 611/501/80 612/500/80
f 218/251/79 612/500/79 613/246/79
f 220/235/78 647/234/78 614/497/78
f 221/243/77 614/497/77 615/496/77
f 222/241/76 615/496/76 616/236/76
f 414/486/114 595/299/114 617/319/114
f 383/446/113 617/319/113 618/318/113
f 384/448/112 618/318/112 619/236/112
f 386/495/111 620/234/111 621/316/111
f 387/453/110 621/316/110 622/246/110
f 389/494/109 623/244/109 624/256/109
f 391/493/108 625/254/108 626/265/108
f 628/315/107 629/313/107 395/466/107
f 629/313/106 630/274/106 396/492/106
f 631/272/105 632/311/105 398/471/105
f 632/311/104 633/309/104 399/473/104
f 633/309/103 634/307/103 400/475/103
f 634/307/102 635/305/102 401/477/102
f 635/305/101 636/290/101 402/487/101
f 637/288/100 638/302/100 404/574/100
f 404/574/99 638/302/99 639/300/99
f 405/482/98 639/300/98 640/297/98
f 406/484/97 640/297/97 595/299/97
f 402/487/56 636/290/56 598/290/56
f 407/479/56 641/288/56 637/288/56
f 393/489/56 627/263/56 601/263/56
f 408/491/56 642/282/56 628/282/56
f 396/492/56 630/274/56 604/274/56
f 409/468/56 643/272/56 631/272/56
f 392/461/56 626/265/56 607/265/56
f 410/489/56 644/263/56 627/263/56
f 390/458/56 624/256/56 610/256/56
f 411/493/56 645/254/56 625/254/56
f 388/455/56 622/246/56 613/246/56
f 412/494/56 646/244/56 623/244/56
f 385/450/56 619/236/56 616/236/56
f 413/495/56 647/234/56 620/234/56
o Cone
v 0.000000 8.662236 -0.988204
v 0.192789 8.662236 -0.969216
v 0.378169 8.662236 -0.912981
v 0.549017 8.662236 -0.821662
v 0.698766 8.662236 -0.698766
v 0.821662 8.662236 -0.549017
v 0.912981 8.662236 -0.378169
v 0.969216 8.662236 -0.192789
v 0.988204 8.662236 0.000000
v 0.969216 8.662236 0.192789
v 0.912981 8.662236 0.378169
v 0.821662 8.662236 0.549017
v 0.698766 8.662236 0.698766
v 0.549017 8.662236 0.821662
v 0.378169 8.662236 0.912981
v 0.192789 8.662236 0.969216
v 0.000000 8.662236 0.988204
v -0.192789 8.662236 0.969216
v -0.378169 8.662236 0.912981
v -0.549017 8.662236 0.821662
v -0.698766 8.662236 0.698766
v -0.821662 8.662236 0.549017
v -0.912981 8.662236 0.378169
v -0.969216 8.662236 0.192789
v -0.988204 8.662236 0.000000
v -0.969216 8.662236 -0.192789
v -0.912981 8.662236 -0.378169
v -0.821662 8.662236 -0.549017
v -0.698766 8.662236 -0.698766
v -0.549017 8.662236 -0.821662
v -0.378169 8.662236 -0.912981
v -0.192789 8.662236 -0.969216
v 0.000000 11.606500 0.000000
vn 0.0930 0.3168 -0.9439
vn 0.2753 0.3168 -0.9076
vn 0.4471 0.3168 -0.8365
vn 0.6017 0.3168 -0.7332
vn 0.7332 0.3168 -0.6017
vn 0.8365 0.3168 -0.4471
vn 0.9076 0.3168 -0.2753
vn 0.9439 0.3168 -0.0930
vn 0.9439 0.3168 0.0930
vn 0.9076 0.3168 0.2753
vn 0.8365 0.3168 0.4471
vn 0.7332 0.3168 0.6017
vn 0.6017 0.3168 0.7332
vn 0.4471 0.3168 0.8365
vn 0.2753 0.3168 0.9076
vn 0.0930 0.3168 0.9439
vn -0.0930 0.3168 0.9439
vn -0.2753 0.3168 0.9076
vn -0.4471 0.3168 0.8365
vn -0.6017 0.3168 0.7332
vn -0.7332 0.3168 0.6017
vn -0.8365 0.3168 0.4471
vn -0.9076 0.3168 0.2753
vn -0.9439 0.3168 0.0930
vn -0.9439 0.3168 -0.0930
vn -0.9076 0.3168 -0.2753
vn -0.8365 0.3168 -0.4471
vn -0.7332 0.3168 -0.6017
vn -0.6017 0.3168 -0.7332
vn -0.4471 0.3168 -0.8365
vn -0.0000 -1.0000 -0.0000
vn -0.2753 0.3168 -0.9076
vn -0.0930 0.3168 -0.9439
vt 0.250000 0.490000
vt 0.250000 0.250000
vt 0.296822 0.485388
vt 0.341844 0.471731
vt 0.383337 0.449553
vt 0.419706 0.419706
vt 0.449553 0.383337
vt 0.471731 0.341844
vt 0.485388 0.296822
vt 0.490000 0.250000
vt 0.485388 0.203178
vt 0.471731 0.158156
vt 0.449553 0.116663
vt 0.419706 0.080294
vt 0.383337 0.050447
vt 0.341844 0.028269
vt 0.296822 0.014612
vt 0.250000 0.010000
vt 0.203178 0.014612
vt 0.158156 0.028269
vt 0.116663 0.050447
vt 0.080294 0.080294
vt 0.050447 0.116663
vt 0.028269 0.158156
vt 0.014612 0.203178
vt 0.010000 0.250000
vt 0.014612 0.296822
vt 0.028269 0.341844
vt 0.050447 0.383337
vt 0.080294 0.419706
vt 0.116663 0.449553
vt 0.158156 0.471731
vt 0.796822 0.014612
vt 0.514612 0.203178
vt 0.703178 0.485388
vt 0.203178 0.485388
vt 0.750000 0.490000
vt 0.796822 0.485388
vt 0.841844 0.471731
vt 0.883337 0.449553
vt 0.919706 0.419706
vt 0.949553 0.383337
vt 0.971731 0.341844
vt 0.985388 0.296822
vt 0.990000 0.250000
vt 0.985388 0.203178
vt 0.971731 0.158156
vt 0.949553 0.116663
vt 0.919706 0.080294
vt 0.883337 0.050447
vt 0.841844 0.028269
vt 0.750000 0.010000
vt 0.703178 0.014612
vt 0.658156 0.028269
vt 0.616663 0.050447
vt 0.580294 0.080294
vt 0.550447 0.116663
vt 0.528269 0.158156
vt 0.510000 0.250000
vt 0.514612 0.296822
vt 0.528269 0.341844
vt 0.550447 0.383337
vt 0.580294 0.419706
vt 0.616663 0.449553
vt 0.658156 0.471731
s 0
usemtl Material
f 653/592/311 685/593/311 654/594/311
f 654/594/312 685/593/312 655/595/312
f 655/595/313 685/593/313 656/596/313
f 656/596/314 685/593/314 657/597/314
f 657/597/315 685/593/315 658/598/315
f 658/598/316 685/593/316 659/599/316
f 659/599/317 685/593/317 660/600/317
f 660/600/318 685/593/318 661/601/318
f 661/601/319 685/593/319 662/602/319
f 662/602/320 685/593/320 663/603/320
f 663/603/321 685/593/321 664/604/321
f 664/604/322 685/593/322 665/605/322
f 665/605/323 685/593/323 666/606/323
f 666/606/324 685/593/324 667/607/324
f 667/607/325 685/593/325 668/608/325
f 668/608/326 685/593/326 669/609/326
f 669/609/327 685/593/327 670/610/327
f 670/610/328 685/593/328 671/611/328
f 671/611/329 685/593/329 672/612/329
f 672/612/330 685/593/330 673/613/330
f 673/613/331 685/593/331 674/614/331
f 674/614/332 685/593/332 675/615/332
f 675/615/333 685/593/333 676/616/333
f 676/616/334 685/593/334 677/617/334
f 677/617/335 685/593/335 678/618/335
f 678/618/336 685/593/336 679/619/336
f 679/619/337 685/593/337 680/620/337
f 680/620/338 685/593/338 681/621/338
f 681/621/339 685/593/339 682/622/339
f 682/622/340 685/593/340 683/623/340
f 668/624/341 676/625/341 684/626/341
f 683/623/342 685/593/342 684/627/342
f 684/627/343 685/593/343 653/592/343
f 684/626/341 653/628/341 654/629/341
f 654/629/341 655/630/341 656/631/341
f 656/631/341 657/632/341 658/633/341
f 658/633/341 659/634/341 660/635/341
f 660/635/341 661/636/341 662/637/341
f 662/637/341 663/638/341 664/639/341
f 664/639/341 665/640/341 666/641/341
f 666/641/341 667/642/341 668/624/341
f 668/624/341 669/643/341 670/644/341
f 670/644/341 671/645/341 672/646/341
f 672/646/341 673/647/341 674/648/341
f 674/648/341 675/649/341 676/625/341
f 676/625/341 677/650/341 678/651/341
f 678/651/341 679/652/341 680/653/341
f 680/653/341 681/654/341 682/655/341
f 682/655/341 683/656/341 684/626/341
f 684/626/341 654/629/341 656/631/341
f 656/631/341 658/633/341 660/635/341
f 660/635/341 662/637/341 664/639/341
f 664/639/341 666/641/341 668/624/341
f 668/624/341 670/644/341 672/646/341
f 672/646/341 674/648/341 676/625/341
f 676/625/341 678/651/341 680/653/341
f 680/653/341 682/655/341 684/626/341
f 684/626/341 656/631/341 660/635/341
f 660/635/341 664/639/341 668/624/341
f 668/624/341 672/646/341 676/625/341
f 676/625/341 680/653/341 684/626/341
f 684/626/341 660/635/341 668/624/341
o Cube
v 0.320521 -2.925094 2.785229
v 0.285291 1.054427 0.766902
v 0.293451 -2.853982 1.234401
v 0.273828 -0.352506 0.110191
v 0.059403 -2.925094 2.789787
v 0.024173 1.054427 0.771459
v 0.032334 -2.853982 1.238958
v 0.012710 -0.352506 0.114749
v 0.320802 -2.573292 2.801355
v 0.321062 -2.191812 2.816254
v 0.320624 -1.742161 2.791154
v 0.319197 -1.299299 2.709378
v 0.316803 -0.870343 2.572239
v 0.313482 -0.462186 2.381941
v 0.309285 -0.081388 2.141543
v 0.304282 0.265932 1.854908
v 0.298552 0.574192 1.526641
v 0.292188 0.838439 1.162019
v 0.277710 -0.474092 0.332616
v 0.281293 -0.622846 0.537875
v 0.284519 -0.796376 0.722667
v 0.287335 -0.991895 0.884024
v 0.289697 -1.206259 1.019352
v 0.291567 -1.436025 1.126477
v 0.292915 -1.677499 1.203678
v 0.293718 -1.926801 1.249713
v 0.293965 -2.179925 1.263842
v 0.293733 -2.502181 1.250527
v 0.016593 -0.474092 0.337174
v 0.020176 -0.622846 0.542433
v 0.023401 -0.796376 0.727225
v 0.026218 -0.991895 0.888582
v 0.028580 -1.206259 1.023910
v 0.030450 -1.436025 1.131035
v 0.031797 -1.677499 1.208236
v 0.032601 -1.926801 1.254270
v 0.032848 -2.179925 1.268400
v 0.032615 -2.502181 1.255085
v 0.031070 0.838439 1.166577
v 0.037435 0.574192 1.531199
v 0.043165 0.265932 1.859465
v 0.048168 -0.081388 2.146101
v 0.052364 -0.462186 2.386499
v 0.055686 -0.870343 2.576797
v 0.058079 -1.299299 2.713936
v 0.059507 -1.742161 2.795712
v 0.059945 -2.191812 2.820812
v 0.059685 -2.573292 2.805913
vn -0.9998 -0.0000 0.0175
vn 0.0084 0.8775 0.4795
vn 0.9998 -0.0000 -0.0175
vn -0.0084 -0.8775 -0.4795
vn 0.0008 0.9990 0.0458
vn 0.0158 -0.4230 0.9060
vn -0.0174 0.0458 -0.9988
vn -0.0174 0.0390 -0.9991
vn -0.0174 -0.0557 -0.9983
vn -0.0172 -0.1816 -0.9832
vn -0.0166 -0.3046 -0.9523
vn -0.0158 -0.4226 -0.9062
vn -0.0148 -0.5339 -0.8454
vn -0.0135 -0.6366 -0.7711
vn -0.0119 -0.7290 -0.6844
vn -0.0102 -0.8098 -0.5867
vn 0.0174 -0.0458 0.9988
vn 0.0174 -0.0413 0.9990
vn 0.0174 0.0557 0.9983
vn 0.0172 0.1816 0.9832
vn 0.0166 0.3046 0.9523
vn 0.0158 0.4226 0.9062
vn 0.0148 0.5339 0.8454
vn 0.0135 0.6366 0.7711
vn 0.0119 0.7290 0.6844
vn 0.0102 0.8098 0.5867
vt 0.625000 0.000000
vt 0.602273 0.250000
vt 0.602273 0.000000
vt 0.625000 0.250000
vt 0.602273 0.500000
vt 0.625000 0.500000
vt 0.602273 0.750000
vt 0.625000 0.750000
vt 0.602273 1.000000
vt 0.375000 0.500000
vt 0.125000 0.750000
vt 0.125000 0.500000
vt 0.875000 0.500000
vt 0.397727 0.750000
vt 0.375000 1.000000
vt 0.375000 0.750000
vt 0.420455 0.750000
vt 0.397727 1.000000
vt 0.443182 0.750000
vt 0.420455 1.000000
vt 0.465909 1.000000
vt 0.443182 1.000000
vt 0.465909 0.750000
vt 0.488636 1.000000
vt 0.511364 0.750000
vt 0.488636 0.750000
vt 0.534091 1.000000
vt 0.511364 1.000000
vt 0.534091 0.750000
vt 0.556818 1.000000
vt 0.579545 0.750000
vt 0.556818 0.750000
vt 0.579545 1.000000
vt 0.397727 0.500000
vt 0.420455 0.500000
vt 0.465909 0.500000
vt 0.443182 0.500000
vt 0.511364 0.500000
vt 0.488636 0.500000
vt 0.534091 0.500000
vt 0.556818 0.500000
vt 0.579545 0.500000
vt 0.397727 0.250000
vt 0.375000 0.250000
vt 0.420455 0.250000
vt 0.443182 0.250000
vt 0.465909 0.250000
vt 0.488636 0.250000
vt 0.511364 0.250000
vt 0.534091 0.250000
vt 0.556818 0.250000
vt 0.579545 0.250000
vt 0.397727 0.000000
vt 0.375000 0.000000
vt 0.443182 0.000000
vt 0.420455 0.000000
vt 0.465909 0.000000
vt 0.488636 0.000000
vt 0.511364 0.000000
vt 0.534091 0.000000
vt 0.556818 0.000000
vt 0.579545 0.000000
vt 0.625000 1.000000
vt 0.875000 0.750000
s 0
usemtl Material.003
f 687/657/344 704/658/344 703/659/344
f 689/660/345 714/661/345 704/658/345
f 693/662/346 724/663/346 714/661/346
f 691/664/347 703/665/347 724/663/347
f 692/666/348 686/667/348 688/668/348
f 689/669/349 691/664/349 693/662/349
f 733/670/350 686/671/350 690/672/350
f 732/673/351 694/674/351 733/670/351
f 731/675/352 695/676/352 732/673/352
f 731/675/353 697/677/353 696/678/353
f 730/679/354 698/680/354 697/677/354
f 728/681/355 698/680/355 729/682/355
f 728/681/356 700/683/356 699/684/356
f 727/685/357 701/686/357 700/683/357
f 725/687/358 701/686/358 726/688/358
f 724/663/359 702/689/359 725/687/359
f 723/690/346 690/672/346 692/666/346
f 722/691/346 733/670/346 723/690/346
f 722/691/346 731/675/346 732/673/346
f 720/692/346 731/675/346 721/693/346
f 720/692/346 729/682/346 730/679/346
f 718/694/346 729/682/346 719/695/346
f 717/696/346 728/681/346 718/694/346
f 716/697/346 727/685/346 717/696/346
f 715/698/346 726/688/346 716/697/346
f 714/661/346 725/687/346 715/698/346
f 713/699/360 692/666/360 688/700/360
f 712/701/361 723/690/361 713/699/361
f 711/702/362 722/691/362 712/701/362
f 710/703/363 721/693/363 711/702/363
f 709/704/364 720/692/364 710/703/364
f 708/705/365 719/695/365 709/704/365
f 707/706/366 718/694/366 708/705/366
f 706/707/367 717/696/367 707/706/367
f 705/708/368 716/697/368 706/707/368
f 704/658/369 715/698/369 705/708/369
f 694/709/344 688/700/344 686/710/344
f 694/709/344 712/701/344 713/699/344
f 696/711/344 712/701/344 695/712/344
f 697/713/344 711/702/344 696/711/344
f 698/714/344 710/703/344 697/713/344
f 699/715/344 709/704/344 698/714/344
f 700/716/344 708/705/344 699/715/344
f 701/717/344 707/706/344 700/716/344
f 701/717/344 705/708/344 706/707/344
f 703/659/344 705/708/344 702/718/344
f 687/657/344 689/660/344 704/658/344
f 689/660/345 693/662/345 714/661/345
f 693/662/346 691/664/346 724/663/346
f 691/664/347 687/719/347 703/665/347
f 692/666/348 690/672/348 686/667/348
f 689/669/349 687/720/349 691/664/349
f 733/670/350 694/674/350 686/671/350
f 732/673/351 695/676/351 694/674/351
f 731/675/352 696/678/352 695/676/352
f 731/675/353 730/679/353 697/677/353
f 730/679/354 729/682/354 698/680/354
f 728/681/355 699/684/355 698/680/355
f 728/681/356 727/685/356 700/683/356
f 727/685/357 726/688/357 701/686/357
f 725/687/358 702/689/358 701/686/358
f 724/663/359 703/665/359 702/689/359
f 723/690/346 733/670/346 690/672/346
f 722/691/346 732/673/346 733/670/346
f 722/691/346 721/693/346 731/675/346
f 720/692/346 730/679/346 731/675/346
f 720/692/346 719/695/346 729/682/346
f 718/694/346 728/681/346 729/682/346
f 717/696/346 727/685/346 728/681/346
f 716/697/346 726/688/346 727/685/346
f 715/698/346 725/687/346 726/688/346
f 714/661/346 724/663/346 725/687/346
f 713/699/360 723/690/360 692/666/360
f 712/701/361 722/691/361 723/690/361
f 711/702/362 721/693/362 722/691/362
f 710/703/363 720/692/363 721/693/363
f 709/704/364 719/695/364 720/692/364
f 708/705/365 718/694/365 719/695/365
f 707/706/366 717/696/366 718/694/366
f 706/707/367 716/697/367 717/696/367
f 705/708/368 715/698/368 716/697/368
f 704/658/369 714/661/369 715/698/369
f 694/709/344 713/699/344 688/700/344
f 694/709/344 695/712/344 712/701/344
f 696/711/344 711/702/344 712/701/344
f 697/713/344 710/703/344 711/702/344
f 698/714/344 709/704/344 710/703/344
f 699/715/344 708/705/344 709/704/344
f 700/716/344 707/706/344 708/705/344
f 701/717/344 706/707/344 707/706/344
f 701/717/344 702/718/344 705/708/344
f 703/659/344 704/658/344 705/708/344
o Cube.001
v 1.854087 -2.925094 -2.095267
v 0.451826 1.054427 -0.643183
v 0.776627 -2.853982 -0.979524
v -0.004433 -0.352506 -0.170712
v 2.041948 -2.925094 -1.913852
v 0.639687 1.054427 -0.461767
v 0.964488 -2.853982 -0.798109
v 0.183428 -0.352506 0.010703
v 1.865291 -2.573292 -2.106869
v 1.875642 -2.191812 -2.117588
v 1.858204 -1.742161 -2.099530
v 1.801389 -1.299299 -2.040696
v 1.706109 -0.870343 -1.942031
v 1.573897 -0.462186 -1.805122
v 1.406878 -0.081388 -1.632168
v 1.207733 0.265932 -1.425948
v 0.979666 0.574192 -1.189777
v 0.726340 0.838439 -0.927450
v 0.150100 -0.474092 -0.330736
v 0.292706 -0.622846 -0.478409
v 0.421093 -0.796376 -0.611358
v 0.533198 -0.991895 -0.727446
v 0.627220 -1.206259 -0.824808
v 0.701646 -1.436025 -0.901879
v 0.755282 -1.677499 -0.957421
v 0.787266 -1.926801 -0.990541
v 0.797082 -2.179925 -1.000706
v 0.787831 -2.502181 -0.991127
v 0.337961 -0.474092 -0.149321
v 0.480567 -0.622846 -0.296994
v 0.608954 -0.796376 -0.429943
v 0.721059 -0.991895 -0.546031
v 0.815080 -1.206259 -0.643393
v 0.889507 -1.436025 -0.720464
v 0.943143 -1.677499 -0.776006
v 0.975126 -1.926801 -0.809126
v 0.984943 -2.179925 -0.819291
v 0.975692 -2.502181 -0.809712
v 0.914200 0.838439 -0.746035
v 1.167527 0.574192 -1.008362
v 1.395594 0.265932 -1.244533
v 1.594738 -0.081388 -1.450752
v 1.761758 -0.462186 -1.623707
v 1.893970 -0.870343 -1.760616
v 1.989249 -1.299299 -1.859281
v 2.046065 -1.742161 -1.918115
v 2.063503 -2.191812 -1.936173
v 2.053152 -2.573292 -1.925454
vn 0.7193 -0.0000 0.6947
vn 0.3332 0.8775 -0.3450
vn -0.7193 -0.0000 -0.6947
vn -0.3332 -0.8775 0.3450
vn 0.0318 0.9990 -0.0329
vn 0.6294 -0.4230 -0.6518
vn -0.6939 0.0458 0.7186
vn -0.6941 0.0390 0.7188
vn -0.6936 -0.0557 0.7182
vn -0.6831 -0.1816 0.7074
vn -0.6617 -0.3046 0.6852
vn -0.6296 -0.4226 0.6519
vn -0.5874 -0.5339 0.6082
vn -0.5357 -0.6366 0.5548
vn -0.4755 -0.7290 0.4924
vn -0.4076 -0.8098 0.4221
vn 0.6939 -0.0458 -0.7186
vn 0.6941 -0.0413 -0.7187
vn 0.6936 0.0557 -0.7182
vn 0.6831 0.1816 -0.7074
vn 0.6617 0.3046 -0.6852
vn 0.6296 0.4226 -0.6519
vn 0.5874 0.5339 -0.6082
vn 0.5357 0.6366 -0.5548
vn 0.4755 0.7290 -0.4924
vn 0.4076 0.8098 -0.4221
vt 0.625000 0.000000
vt 0.602273 0.250000
vt 0.602273 0.000000
vt 0.625000 0.250000
vt 0.602273 0.500000
vt 0.625000 0.500000
vt 0.602273 0.750000
vt 0.625000 0.750000
vt 0.602273 1.000000
vt 0.375000 0.500000
vt 0.125000 0.750000
vt 0.125000 0.500000
vt 0.875000 0.500000
vt 0.397727 0.750000
vt 0.375000 1.000000
vt 0.375000 0.750000
vt 0.420455 0.750000
vt 0.397727 1.000000
vt 0.443182 0.750000
vt 0.420455 1.000000
vt 0.465909 1.000000
vt 0.443182 1.000000
vt 0.465909 0.750000
vt 0.488636 1.000000
vt 0.511364 0.750000
vt 0.488636 0.750000
vt 0.534091 1.000000
vt 0.511364 1.000000
vt 0.534091 0.750000
vt 0.556818 1.000000
vt 0.579545 0.750000
vt 0.556818 0.750000
vt 0.579545 1.000000
vt 0.397727 0.500000
vt 0.420455 0.500000
vt 0.465909 0.500000
vt 0.443182 0.500000
vt 0.511364 0.500000
vt 0.488636 0.500000
vt 0.534091 0.500000
vt 0.556818 0.500000
vt 0.579545 0.500000
vt 0.397727 0.250000
vt 0.375000 0.250000
vt 0.420455 0.250000
vt 0.443182 0.250000
vt 0.465909 0.250000
vt 0.488636 0.250000
vt 0.511364 0.250000
vt 0.534091 0.250000
vt 0.556818 0.250000
vt 0.579545 0.250000
vt 0.397727 0.000000
vt 0.375000 0.000000
vt 0.443182 0.000000
vt 0.420455 0.000000
vt 0.465909 0.000000
vt 0.488636 0.000000
vt 0.511364 0.000000
vt 0.534091 0.000000
vt 0.556818 0.000000
vt 0.579545 0.000000
vt 0.625000 1.000000
vt 0.875000 0.750000
s 0
usemtl Material.005
f 735/721/370 752/722/370 751/723/370
f 737/724/371 762/725/371 752/722/371
f 741/726/372 772/727/372 762/725/372
f 739/728/373 751/729/373 772/727/373
f 740/730/374 734/731/374 736/732/374
f 737/733/375 739/728/375 741/726/375
f 781/734/376 734/735/376 738/736/376
f 780/737/377 742/738/377 781/734/377
f 779/739/378 743/740/378 780/737/378
f 779/739/379 745/741/379 744/742/379
f 778/743/380 746/744/380 745/741/380
f 776/745/381 746/744/381 777/746/381
f 776/745/382 748/747/382 747/748/382
f 775/749/383 749/750/383 748/747/383
f 773/751/384 749/750/384 774/752/384
f 772/727/385 750/753/385 773/751/385
f 771/754/372 738/736/372 740/730/372
f 770/755/372 781/734/372 771/754/372
f 770/755/372 779/739/372 780/737/372
f 768/756/372 779/739/372 769/757/372
f 768/756/372 777/746/372 778/743/372
f 766/758/372 777/746/372 767/759/372
f 765/760/372 776/745/372 766/758/372
f 764/761/372 775/749/372 765/760/372
f 763/762/372 774/752/372 764/761/372
f 762/725/372 773/751/372 763/762/372
f 761/763/386 740/730/386 736/764/386
f 760/765/387 771/754/387 761/763/387
f 759/766/388 770/755/388 760/765/388
f 758/767/389 769/757/389 759/766/389
f 757/768/390 768/756/390 758/767/390
f 756/769/391 767/759/391 757/768/391
f 755/770/392 766/758/392 756/769/392
f 754/771/393 765/760/393 755/770/393
f 753/772/394 764/761/394 754/771/394
f 752/722/395 763/762/395 753/772/395
f 742/773/370 736/764/370 734/774/370
f 742/773/370 760/765/370 761/763/370
f 744/775/370 760/765/370 743/776/370
f 745/777/370 759/766/370 744/775/370
f 746/778/370 758/767/370 745/777/370
f 747/779/370 757/768/370 746/778/370
f 748/780/370 756/769/370 747/779/370
f 749/781/370 755/770/370 748/780/370
f 749/781/370 753/772/370 754/771/370
f 751/723/370 753/772/370 750/782/370
f 735/721/370 737/724/370 752/722/370
f 737/724/371 741/726/371 762/725/371
f 741/726/372 739/728/372 772/727/372
f 739/728/373 735/783/373 751/729/373
f 740/730/374 738/736/374 734/731/374
f 737/733/375 735/784/375 739/728/375
f 781/734/376 742/738/376 734/735/376
f 780/737/377 743/740/377 742/738/377
f 779/739/378 744/742/378 743/740/378
f 779/739/379 778/743/379 745/741/379
f 778/743/380 777/746/380 746/744/380
f 776/745/381 747/748/381 746/744/381
f 776/745/382 775/749/382 748/747/382
f 775/749/383 774/752/383 749/750/383
f 773/751/384 750/753/384 749/750/384
f 772/727/385 751/729/385 750/753/385
f 771/754/372 781/734/372 738/736/372
f 770/755/372 780/737/372 781/734/372
f 770/755/372 769/757/372 779/739/372
f 768/756/372 778/743/372 779/739/372
f 768/756/372 767/759/372 777/746/372
f 766/758/372 776/745/372 777/746/372
f 765/760/372 775/749/372 776/745/372
f 764/761/372 774/752/372 775/749/372
f 763/762/372 773/751/372 774/752/372
f 762/725/372 772/727/372 773/751/372
f 761/763/386 771/754/386 740/730/386
f 760/765/387 770/755/387 771/754/387
f 759/766/388 769/757/388 770/755/388
f 758/767/389 768/756/389 769/757/389
f 757/768/390 767/759/390 768/756/390
f 756/769/391 766/758/391 767/759/391
f 755/770/392 765/760/392 766/758/392
f 754/771/393 764/761/393 765/760/393
f 753/772/394 763/762/394 764/761/394
f 752/722/395 762/725/395 763/762/395
f 742/773/370 761/763/370 736/764/370
f 742/773/370 743/776/370 760/765/370
f 744/775/370 759/766/370 760/765/370
f 745/777/370 758/767/370 759/766/370
f 746/778/370 757/768/370 758/767/370
f 747/779/370 756/769/370 757/768/370
f 748/780/370 755/770/370 756/769/370
f 749/781/370 754/771/370 755/770/370
f 749/781/370 750/782/370 753/772/370
f 751/723/370 752/722/370 753/772/370
o Cube.002
v -2.732203 -2.925094 -0.098232
v -0.714797 1.054427 -0.027783
v -1.182083 -2.853982 -0.044101
v -0.058387 -0.352506 -0.004861
v -2.723088 -2.925094 -0.359230
v -0.705683 1.054427 -0.288782
v -1.172969 -2.853982 -0.305099
v -0.049273 -0.352506 -0.265859
v -2.748322 -2.573292 -0.098795
v -2.763213 -2.191812 -0.099315
v -2.738125 -1.742161 -0.098439
v -2.656386 -1.299299 -0.095585
v -2.519310 -0.870343 -0.090798
v -2.329099 -0.462186 -0.084156
v -2.088811 -0.081388 -0.075765
v -1.802306 0.265932 -0.065760
v -1.474190 0.574192 -0.054302
v -1.109735 0.838439 -0.041575
v -0.280711 -0.474092 -0.012625
v -0.485875 -0.622846 -0.019789
v -0.670583 -0.796376 -0.026239
v -0.831866 -0.991895 -0.031871
v -0.967133 -1.206259 -0.036595
v -1.074209 -1.436025 -0.040334
v -1.151374 -1.677499 -0.043029
v -1.197388 -1.926801 -0.044636
v -1.211511 -2.179925 -0.045129
v -1.198202 -2.502181 -0.044664
v -0.271597 -0.474092 -0.273623
v -0.476761 -0.622846 -0.280787
v -0.661469 -0.796376 -0.287238
v -0.822752 -0.991895 -0.292870
v -0.958019 -1.206259 -0.297593
v -1.065095 -1.436025 -0.301332
v -1.142260 -1.677499 -0.304027
v -1.188274 -1.926801 -0.305634
v -1.202397 -2.179925 -0.306127
v -1.189088 -2.502181 -0.305662
v -1.100621 0.838439 -0.302573
v -1.465076 0.574192 -0.315300
v -1.793192 0.265932 -0.326758
v -2.079696 -0.081388 -0.336763
v -2.319985 -0.462186 -0.345154
v -2.510195 -0.870343 -0.351796
v -2.647272 -1.299299 -0.356583
v -2.729011 -1.742161 -0.359437
v -2.754099 -2.191812 -0.360313
v -2.739208 -2.573292 -0.359793
vn 0.0349 -0.0000 -0.9994
vn -0.4793 0.8775 -0.0167
vn -0.0349 -0.0000 0.9994
vn 0.4793 -0.8775 0.0167
vn -0.0458 0.9990 -0.0016
vn -0.9056 -0.4230 -0.0316
vn 0.9983 0.0458 0.0349
vn 0.9986 0.0390 0.0349
vn 0.9978 -0.0557 0.0348
vn 0.9828 -0.1816 0.0343
vn 0.9519 -0.3046 0.0332
vn 0.9058 -0.4226 0.0316
vn 0.8450 -0.5339 0.0295
vn 0.7708 -0.6366 0.0269
vn 0.6841 -0.7290 0.0239
vn 0.5864 -0.8098 0.0205
vn -0.9983 -0.0458 -0.0349
vn -0.9985 -0.0413 -0.0349
vn -0.9978 0.0557 -0.0348
vn -0.9828 0.1816 -0.0343
vn -0.9519 0.3046 -0.0332
vn -0.9058 0.4226 -0.0316
vn -0.8450 0.5339 -0.0295
vn -0.7708 0.6366 -0.0269
vn -0.6841 0.7290 -0.0239
vn -0.5864 0.8098 -0.0205
vt 0.625000 0.000000
vt 0.602273 0.250000
vt 0.602273 0.000000
vt 0.625000 0.250000
vt 0.602273 0.500000
vt 0.625000 0.500000
vt 0.602273 0.750000
vt 0.625000 0.750000
vt 0.602273 1.000000
vt 0.375000 0.500000
vt 0.125000 0.750000
vt 0.125000 0.500000
vt 0.875000 0.500000
vt 0.397727 0.750000
vt 0.375000 1.000000
vt 0.375000 0.750000
vt 0.420455 0.750000
vt 0.397727 1.000000
vt 0.443182 0.750000
vt 0.420455 1.000000
vt 0.465909 1.000000
vt 0.443182 1.000000
vt 0.465909 0.750000
vt 0.488636 1.000000
vt 0.511364 0.750000
vt 0.488636 0.750000
vt 0.534091 1.000000
vt 0.511364 1.000000
vt 0.534091 0.750000
vt 0.556818 1.000000
vt 0.579545 0.750000
vt 0.556818 0.750000
vt 0.579545 1.000000
vt 0.397727 0.500000
vt 0.420455 0.500000
vt 0.465909 0.500000
vt 0.443182 0.500000
vt 0.511364 0.500000
vt 0.488636 0.500000
vt 0.534091 0.500000
vt 0.556818 0.500000
vt 0.579545 0.500000
vt 0.397727 0.250000
vt 0.375000 0.250000
vt 0.420455 0.250000
vt 0.443182 0.250000
vt 0.465909 0.250000
vt 0.488636 0.250000
vt 0.511364 0.250000
vt 0.534091 0.250000
vt 0.556818 0.250000
vt 0.579545 0.250000
vt 0.397727 0.000000
vt 0.375000 0.000000
vt 0.443182 0.000000
vt 0.420455 0.000000
vt 0.465909 0.000000
vt 0.488636 0.000000
vt 0.511364 0.000000
vt 0.534091 0.000000
vt 0.556818 0.000000
vt 0.579545 0.000000
vt 0.625000 1.000000
vt 0.875000 0.750000
s 0
usemtl Material.004
f 783/785/396 800/786/396 799/787/396
f 785/788/397 810/789/397 800/786/397
f 789/790/398 820/791/398 810/789/398
f 787/792/399 799/793/399 820/791/399
f 788/794/400 782/795/400 784/796/400
f 785/797/401 787/792/401 789/790/401
f 829/798/402 782/799/402 786/800/402
f 828/801/403 790/802/403 829/798/403
f 827/803/404 791/804/404 828/801/404
f 827/803/405 793/805/405 792/806/405
f 826/807/406 794/808/406 793/805/406
f 824/809/407 794/808/407 825/810/407
f 824/809/408 796/811/408 795/812/408
f 823/813/409 797/814/409 796/811/409
f 821/815/410 797/814/410 822/816/410
f 820/791/411 798/817/411 821/815/411
f 819/818/398 786/800/398 788/794/398
f 818/819/398 829/798/398 819/818/398
f 818/819/398 827/803/398 828/801/398
f 816/820/398 827/803/398 817/821/398
f 816/820/398 825/810/398 826/807/398
f 814/822/398 825/810/398 815/823/398
f 813/824/398 824/809/398 814/822/398
f 812/825/398 823/813/398 813/824/398
f 811/826/398 822/816/398 812/825/398
f 810/789/398 821/815/398 811/826/398
f 809/827/412 788/794/412 784/828/412
f 808/829/413 819/818/413 809/827/413
f 807/830/414 818/819/414 808/829/414
f 806/831/415 817/821/415 807/830/415
f 805/832/416 816/820/416 806/831/416
f 804/833/417 815/823/417 805/832/417
f 803/834/418 814/822/418 804/833/418
f 802/835/419 813/824/419 803/834/419
f 801/836/420 812/825/420 802/835/420
f 800/786/421 811/826/421 801/836/421
f 790/837/396 784/828/396 782/838/396
f 790/837/396 808/829/396 809/827/396
f 792/839/396 808/829/396 791/840/396
f 793/841/396 807/830/396 792/839/396
f 794/842/396 806/831/396 793/841/396
f 795/843/396 805/832/396 794/842/396
f 796/844/396 804/833/396 795/843/396
f 797/845/396 803/834/396 796/844/396
f 797/845/396 801/836/396 802/835/396
f 799/787/396 801/836/396 798/846/396
f 783/785/396 785/788/396 800/786/396
f 785/788/397 789/790/397 810/789/397
f 789/790/398 787/792/398 820/791/398
f 787/792/399 783/847/399 799/793/399
f 788/794/400 786/800/400 782/795/400
f 785/797/401 783/848/401 787/792/401
f 829/798/402 790/802/402 782/799/402
f 828/801/403 791/804/403 790/802/403
f 827/803/404 792/806/404 791/804/404
f 827/803/405 826/807/405 793/805/405
f 826/807/406 825/810/406 794/808/406
f 824/809/407 795/812/407 794/808/407
f 824/809/408 823/813/408 796/811/408
f 823/813/409 822/816/409 797/814/409
f 821/815/410 798/817/410 797/814/410
f 820/791/411 799/793/411 798/817/411
f 819/818/398 829/798/398 786/800/398
f 818/819/398 828/801/398 829/798/398
f 818/819/398 817/821/398 827/803/398
f 816/820/398 826/807/398 827/803/398
f 816/820/398 815/823/398 825/810/398
f 814/822/398 824/809/398 825/810/398
f 813/824/398 823/813/398 824/809/398
f 812/825/398 822/816/398 823/813/398
f 811/826/398 821/815/398 822/816/398
f 810/789/398 820/791/398 821/815/398
f 809/827/412 819/818/412 788/794/412
f 808/829/413 818/819/413 819/818/413
f 807/830/414 817/821/414 818/819/414
f 806/831/415 816/820/415 817/821/415
f 805/832/416 815/823/416 816/820/416
f 804/833/417 814/822/417 815/823/417
f 803/834/418 813/824/418 814/822/418
f 802/835/419 812/825/419 813/824/419
f 801/836/420 811/826/420 812/825/420
f 800/786/421 810/789/421 811/826/421
f 790/837/396 809/827/396 784/828/396
f 790/837/396 791/840/396 808/829/396
f 792/839/396 807/830/396 808/829/396
f 793/841/396 806/831/396 807/830/396
f 794/842/396 805/832/396 806/831/396
f 795/843/396 804/833/396 805/832/396
f 796/844/396 803/834/396 804/833/396
f 797/845/396 802/835/396 803/834/396
f 797/845/396 798/846/396 801/836/396
f 799/787/396 800/786/396 801/836/396
